600000 浦发银行 日线 前复权,,,,,,
      日期,    开盘,    最高,    最低,    收盘,    成交量,    成交额
2010/1/4,10.44,10.46,10.04,10.06,66191338,1419984128
2010/1/5,10.19,10.29,9.82,10.15,115147943,2436890880
2010/1/6,10.12,10.12,9.88,9.91,96782575,2034174080
2010/1/7,9.88,9.97,9.53,9.63,85236072,1761800960
2010/1/8,9.56,9.83,9.53,9.76,65707646,1349532416
2010/1/11,10.3,10.42,9.69,9.76,116304812,2456818944
2010/1/12,9.73,9.93,9.51,9.83,82351139,1691919872
2010/1/13,9.5,9.56,9.24,9.25,146399684,2930936832
2010/1/14,9.28,9.37,9.14,9.34,77340771,1535655424
2010/1/15,9.37,9.5,9.19,9.38,69183668,1384564608
2010/1/18,9.3,9.53,9.28,9.5,69940218,1408342656
2010/1/19,9.5,9.7,9.48,9.56,69966139,1428370688
2010/1/20,9.6,9.67,9.12,9.23,80776510,1612704768
2010/1/21,9.28,9.69,9.21,9.63,93418186,1888959488
2010/1/22,9.47,10.01,9.36,9.89,154445976,3188523776
2010/1/25,9.69,9.94,9.6,9.63,80232725,1658596992
2010/1/26,9.65,9.89,9.46,9.76,91936559,1885519232
2010/1/27,9.75,9.83,9.23,9.27,94264363,1898605056
2010/1/28,9.23,9.27,8.99,9.18,58691704,1152620160
2010/1/29,9.12,9.38,9.05,9.13,53690104,1062334272
2010/2/1,9.13,9.13,8.76,8.89,51669420,994322880
2010/2/2,8.96,9.18,8.86,8.91,48969591,951736960
2010/2/3,8.95,9.31,8.77,9.29,76493075,1499985408
2010/2/4,9.12,9.29,9.12,9.15,46162099,909308992
2010/2/5,8.88,9.17,8.86,9.01,43895954,850183296
2010/2/8,9.03,9.06,8.81,8.89,37230982,716731648
2010/2/9,8.88,9.05,8.86,9.01,26496190,513741760
2010/2/10,9.11,9.21,9.06,9.17,30709495,602686016
2010/2/11,9.17,9.24,9.11,9.14,27375492,538434176
2010/2/12,9.2,9.28,9.15,9.24,29682512,587217280
2010/2/22,9.2,9.27,9.11,9.17,33430729,659002496
2010/2/23,9.15,9.15,8.91,9.05,30570947,593524992
2010/2/24,8.97,9.17,8.91,9.15,38978358,758532864
2010/2/25,9.21,9.83,9.21,9.79,194475975,3998875392
2010/3/11,9.95,10.42,9.89,10.12,230271759,4943091200
2010/3/12,10.14,10.25,9.96,9.97,74911752,1595763968
2010/3/15,9.95,10.04,9.7,9.76,58127318,1208927232
2010/3/16,9.73,10.07,9.66,10.06,56343015,1176059904
2010/3/17,10.08,10.39,9.92,10.34,90740415,1945888256
2010/3/18,10.34,10.66,10.27,10.36,88983821,1948256896
2010/3/19,10.43,10.56,10.24,10.42,44756709,974278016
2010/3/22,10.45,10.75,10.45,10.66,96636042,2147457152
2010/3/23,10.69,10.79,10.47,10.54,62566261,1386852352
2010/3/24,10.57,10.77,10.54,10.56,51092919,1134210304
2010/3/25,10.52,10.52,10.22,10.31,52512296,1139337600
2010/3/26,10.25,10.84,10.25,10.69,82497766,1834668544
2010/3/29,10.81,11.2,10.72,11.12,139499328,3200058624
2010/3/31,11.17,11.18,10.95,11,54201365,1237976704
2010/4/1,10.99,11.2,10.92,11.04,58179154,1330514432
2010/4/2,11.05,11.19,11.01,11.08,40777535,934433152
2010/4/6,11.16,11.36,11.08,11.12,53809591,1243971968
2010/4/7,11.13,11.18,10.86,11,50601633,1150564480
2010/4/8,10.83,11.11,10.83,10.88,46876305,1063340608
2010/4/9,10.89,11.14,10.89,11.1,38392741,876658048
2010/4/12,11.13,11.16,10.66,10.79,57895624,1306221440
2010/4/13,10.78,11.2,10.69,11.15,84063856,1920139776
2010/4/14,11.2,11.2,10.99,11.06,38865502,889428480
2010/4/15,11.11,11.12,10.83,10.99,42311790,961485312
2010/4/16,10.94,10.94,10.55,10.57,54964770,1223884928
2010/4/19,10.36,10.36,9.65,9.69,123269959,2578443264
2010/4/20,9.68,9.77,9.36,9.68,63866293,1299015808
2010/4/21,9.63,9.88,9.53,9.86,55737608,1148974976
2010/4/22,9.76,9.76,9.4,9.47,69600677,1410303104
2010/4/23,9.47,9.86,9.33,9.59,83772876,1704941952
2010/4/26,9.6,9.82,9.49,9.63,46179483,949350080
2010/4/27,9.51,9.57,9.23,9.42,57834285,1160690560
2010/4/29,9.5,9.71,9.45,9.47,54096309,1103099392
2010/4/30,9.53,9.73,9.45,9.7,52265741,1070286784
2010/5/4,9.49,9.69,9.3,9.47,46170463,933963136
2010/5/5,9.33,9.56,9.16,9.54,54733838,1092883200
2010/5/6,9.41,9.41,8.76,8.79,74669511,1455622784
2010/5/7,8.56,8.81,8.44,8.5,61558279,1154038784
2010/5/10,8.6,8.85,8.47,8.75,45360001,855166080
2010/5/11,9.02,9.07,8.47,8.62,59396296,1134347392
2010/5/12,8.45,8.91,8.43,8.88,81130496,1535265024
2010/5/13,8.82,9.33,8.76,9.18,78035578,1526868736
2010/5/14,9.07,9.14,8.9,9,38321249,744352320
2010/5/17,8.86,8.86,8.53,8.56,43804793,822883392
2010/5/18,8.6,9.06,8.6,8.97,62168559,1190275840
2010/5/19,8.86,9.16,8.76,8.92,40046627,774847552
2010/5/20,8.82,9.03,8.64,8.71,38877427,740314176
2010/5/21,8.46,8.94,8.41,8.9,40777827,771270528
2010/5/24,8.99,9.36,8.99,9.2,61911238,1221387648
2010/5/25,9.12,9.15,8.76,8.85,52506336,1010824704
2010/5/26,8.89,8.99,8.73,8.83,25592461,489097248
2010/5/27,8.81,8.95,8.65,8.95,31281232,598110784
2010/5/28,9.07,9.12,8.78,8.84,32337600,623966144
2010/5/31,8.7,8.83,8.47,8.49,51779891,972373568
2010/6/1,8.45,8.6,8.35,8.42,41838832,771511552
2010/6/2,8.4,8.46,8.21,8.41,31485389,575726784
2010/6/3,8.46,8.53,8.27,8.29,41470018,761913856
2010/6/4,8.25,8.34,8.2,8.27,28804637,522316736
2010/6/7,8.11,8.2,7.93,7.96,47409887,842961728
2010/6/8,7.99,8.06,7.69,7.82,40051743,701941312
2010/6/9,7.87,8.49,7.68,8.47,93220918,1677856512
2010/6/10,8.15,8.38,8.12,8.15,52437769,725462720
2010/6/11,8.2,8.51,8.16,8.24,63179327,880845056
2010/6/17,8.31,8.48,8.2,8.26,47895735,667865280
2010/6/18,8.27,8.53,8.21,8.3,65781891,922043264
2010/6/21,8.38,8.87,8.26,8.75,98921549,1418075392
2010/6/22,8.7,8.89,8.66,8.76,43036535,623676480
2010/6/23,8.69,8.79,8.45,8.57,39150500,558300864
2010/6/24,8.54,8.76,8.41,8.64,34387096,492785952
2010/6/25,8.57,8.75,8.53,8.69,32535651,467122592
2010/6/28,8.69,8.88,8.55,8.71,48930056,708587776
2010/6/29,8.73,8.76,8.18,8.19,65494721,921508608
2010/6/30,8.14,8.27,8.01,8.07,34558958,473254400
2010/7/1,8.04,8.23,7.98,7.99,32989253,448251008
2010/7/2,8.03,8.13,7.72,8.13,44785293,602308800
2010/7/5,7.96,8.19,7.77,8.02,35989580,485101376
2010/7/6,8.03,8.26,7.96,8.25,50169905,685881920
2010/7/7,8.18,8.25,8.07,8.19,33977340,465516544
2010/7/8,8.29,8.43,8.17,8.22,45101784,626025792
2010/7/9,8.23,8.76,8.14,8.56,76856389,1085618816
2010/7/12,8.56,8.89,8.49,8.71,58299174,841572608
2010/7/13,8.54,8.66,8.43,8.51,44913760,636641728
2010/7/14,8.55,8.87,8.55,8.69,60363343,871449984
2010/7/15,8.69,8.86,8.43,8.46,47460309,678620864
2010/7/16,8.38,8.56,8.3,8.49,40892325,573948224
2010/7/19,8.43,8.86,8.36,8.79,65708689,947603776
2010/7/20,8.83,9.12,8.76,8.88,79072757,1165343104
2010/7/21,8.9,8.94,8.77,8.88,44902488,656426752
2010/7/22,8.83,9.03,8.76,8.99,56509381,833413440
2010/7/23,8.99,9.26,8.94,9.09,76799211,1145633792
2010/7/26,9.09,9.15,8.96,9.06,40369550,599720832
2010/7/27,9,9,8.81,8.85,52103320,763432000
2010/7/28,8.92,9.26,8.83,9.2,85532236,1277292928
2010/7/29,9.23,9.32,9.09,9.21,69649439,1049605504
2010/7/30,9.15,9.19,9.04,9.13,33083139,494243456
2010/8/2,9.08,9.38,9.05,9.38,65421012,992064192
2010/8/3,9.39,9.41,9.07,9.08,62854668,950090560
2010/8/4,9.07,9.09,8.79,8.99,75269997,1107946624
2010/8/5,8.96,8.96,8.7,8.79,64461099,939332416
2010/8/6,8.76,8.95,8.61,8.91,63904291,927585920
2010/8/9,8.88,8.99,8.76,8.84,65817780,961880768
2010/8/10,8.86,8.91,8.4,8.43,70934886,1019389632
2010/8/11,8.42,8.6,8.39,8.47,40185978,567503552
2010/8/12,8.36,8.47,8.24,8.29,52092833,725912640
2010/8/13,8.33,8.39,8.15,8.37,65122982,902877120
2010/8/16,8.31,8.67,8.26,8.61,70298086,995317248
2010/8/17,8.62,8.74,8.52,8.69,58280094,834705792
2010/8/18,8.7,8.83,8.57,8.61,72467574,1043450944
2010/8/19,8.61,8.81,8.48,8.73,88905564,1278554880
2010/8/20,8.61,8.8,8.5,8.53,62482199,896280064
2010/8/23,8.53,8.83,8.53,8.64,57525198,829524096
2010/8/24,8.63,8.79,8.49,8.67,48256463,694908864
2010/8/25,8.6,8.63,8.36,8.4,49499195,699447232
2010/8/26,8.5,8.53,8.33,8.36,29704170,416241568
2010/8/27,8.37,8.48,8.29,8.36,35648958,498344608
2010/8/30,8.43,8.53,8.36,8.46,52065218,733619328
2010/8/31,8.41,8.48,8.32,8.37,51313006,718625408
2010/9/1,8.43,8.64,8.22,8.37,90479283,1270601472
2010/9/2,8.59,8.59,8.34,8.43,67694138,952725696
2010/9/3,8.43,8.43,8.25,8.34,61894269,860281600
2010/9/6,8.39,8.58,8.29,8.56,104581943,1478452480
2010/9/7,8.57,8.64,8.42,8.5,58235840,825884800
2010/9/8,8.42,8.43,8.23,8.29,86168491,1196825856
2010/9/9,8.29,8.3,7.96,8.03,111465647,1518435840
2010/9/10,8.03,8.08,7.84,8,53410553,718666816
2010/9/13,7.96,8.11,7.84,7.99,72412342,973891200
2010/9/14,8.06,8.13,7.93,7.99,61653853,837069888
2010/9/15,8.02,8.02,7.84,7.86,44861148,598976960
2010/9/16,7.84,7.84,7.53,7.63,73439103,962141568
2010/9/17,7.68,7.71,7.53,7.58,43280633,561810752
2010/9/21,7.61,7.69,7.51,7.56,33671474,435800768
2010/9/27,7.61,7.63,7.53,7.56,43203690,558528384
2010/9/28,7.55,7.55,7.28,7.29,63988129,812414080
2010/9/29,6.99,7.37,6.93,7.22,79916494,997197184
2010/9/30,7.13,7.6,7.09,7.58,76420556,979547200
2010/10/8,7.68,7.97,7.5,7.89,99243331,1315643008
2010/10/11,7.89,8.42,7.89,8.29,168240264,2318100736
2010/10/12,8.25,8.36,8.15,8.35,108929191,1510045056
2010/10/13,8.36,8.76,8.29,8.72,211717370,3007557120
2010/10/14,8.77,9.15,8.64,8.68,219500516,3224286976
2010/10/15,8.63,9.37,8.6,9.34,282011075,4209289472
2010/10/18,9.61,9.88,9.31,9.42,267097716,4152881152
2010/10/19,9.42,9.46,9.15,9.43,144202185,2190463488
2010/10/20,9.33,9.73,9.23,9.36,185767858,2865243904
2010/10/21,9.36,9.37,8.8,8.91,150426073,2232984832
2010/10/22,8.87,8.95,8.67,8.8,109896506,1596056448
2010/10/25,8.83,9.11,8.56,8.93,143474639,2098193280
2010/10/26,8.96,9.13,8.69,8.86,107789175,1582273792
2010/10/27,8.81,9.13,8.68,8.71,121544448,1780283776
2010/10/28,8.71,8.92,8.59,8.82,99319456,1438269056
2010/10/29,8.9,8.9,8.61,8.75,97225797,1407668608
2010/11/1,8.77,8.95,8.74,8.88,116241177,1695574784
2010/11/2,8.88,8.98,8.59,8.76,137575640,1996966912
2010/11/3,8.76,9.13,8.66,8.91,192927706,2844550912
2010/11/4,8.96,9.02,8.76,8.92,159439685,2340672512
2010/11/5,9.04,9.1,8.83,8.93,148253623,2178617088
2010/11/8,8.98,9.24,8.95,9.08,158999856,2373788672
2010/11/9,9.11,9.15,8.69,8.77,168692580,2472861440
2010/11/10,8.73,8.73,8.36,8.47,185659480,2623791360
2010/11/11,8.46,8.73,8.42,8.56,140741160,1997773568
2010/11/12,8.49,8.49,7.89,7.9,162468793,2234619136
2010/11/15,7.96,8.06,7.73,8.02,102330904,1361157760
2010/11/16,7.92,7.93,7.59,7.63,101346354,1333616512
2010/11/17,7.55,7.89,7.49,7.71,88936367,1168116352
2010/11/18,7.8,7.85,7.65,7.76,51868061,683851008
2010/11/19,7.79,7.81,7.5,7.7,80225581,1047077120
2010/11/22,7.53,7.63,7.46,7.51,81871304,1055428736
2010/11/23,7.48,7.48,7.24,7.35,82534428,1044622784
2010/11/24,7.34,7.55,7.33,7.45,59367417,759510272
2010/11/25,7.53,7.66,7.37,7.61,85551206,1103140736
2010/11/26,7.68,7.76,7.54,7.64,72170185,941692416
2010/11/29,7.59,7.65,7.49,7.58,44456207,574483840
2010/11/30,7.55,7.59,7.25,7.37,70465506,896825472
2010/12/1,7.35,7.47,7.32,7.41,31699307,403667360
2010/12/2,7.57,7.59,7.42,7.45,46735608,601006336
2010/12/3,7.46,7.53,7.4,7.47,33562275,430350144
2010/12/6,7.51,7.7,7.46,7.65,67233922,873902656
2010/12/7,7.61,7.69,7.51,7.66,50371023,653787584
2010/12/8,7.64,7.66,7.51,7.54,46375216,600882752
2010/12/9,7.49,7.5,7.36,7.38,50052445,638381504
2010/12/10,7.33,7.49,7.33,7.44,33921914,431884192
2010/12/13,7.48,7.63,7.4,7.61,83881971,1078465152
2010/12/14,7.61,7.68,7.52,7.57,54829480,711605440
2010/12/15,7.58,7.66,7.54,7.56,72040472,935727296
2010/12/16,7.56,7.56,7.4,7.45,60753484,779685312
2010/12/17,7.44,7.44,7.35,7.39,57386953,728978368
2010/12/20,7.41,7.42,7.08,7.17,91831797,1147808512
2010/12/21,7.19,7.51,7.11,7.45,97255977,1230271104
2010/12/22,7.44,7.49,7.23,7.26,58037506,734623616
2010/12/23,7.28,7.62,7.21,7.38,85513637,1090345600
2010/12/24,7.3,7.51,7.25,7.41,61330576,782233344
2010/12/27,7.54,7.59,7.21,7.23,62916617,800835200
2010/12/28,7.23,7.36,7.12,7.13,50643978,634014720
2010/12/29,7.16,7.23,7.07,7.14,43781538,541086528
2010/12/30,7.15,7.2,6.99,7.08,49486273,609301312
2010/12/31,7.09,7.15,7.03,7.14,70100841,863181184
2011/1/4,7.16,7.36,7.07,7.31,104301454,1307174912
2011/1/5,7.38,7.54,7.33,7.39,107014161,1367751424
2011/1/6,7.4,7.53,7.3,7.36,63954083,814451712
2011/1/7,7.37,8,7.29,7.79,278797594,3673752832
2011/1/10,7.69,7.87,7.56,7.66,128007500,1679801984
2011/1/11,7.61,7.93,7.61,7.92,114502560,1518387968
2011/1/12,7.95,7.99,7.77,7.99,103066730,1380549760
2011/1/13,7.99,8.03,7.86,7.87,55412160,743119680
2011/1/14,7.83,7.83,7.66,7.72,58900525,775149760
2011/1/17,7.59,7.69,7.16,7.31,85126256,1090523008
2011/1/18,7.28,7.44,7.24,7.37,39880973,505302336
2011/1/19,7.38,7.48,7.29,7.47,39144999,497010144
2011/1/20,7.43,7.46,7.2,7.21,45362809,571579136
2011/1/21,7.22,7.75,7.21,7.42,69001299,884042048
2011/1/24,7.39,7.49,7.31,7.41,40025944,509605600
2011/1/25,7.42,7.57,7.36,7.51,49402537,634358528
2011/1/26,7.53,7.56,7.47,7.52,32488433,418118016
2011/1/27,7.42,7.51,7.23,7.48,69649478,885350208
2011/1/28,7.43,7.49,7.29,7.37,53000399,672289536
2011/1/31,7.38,7.44,7.3,7.39,52767631,669997056
2011/2/1,7.4,7.43,7.34,7.43,41824771,532086944
2011/2/9,7.39,7.48,7.29,7.33,50344812,640373696
2011/2/10,7.31,7.45,7.28,7.43,47401671,601093824
2011/2/11,7.42,7.44,7.33,7.42,86524659,1097943936
2011/2/14,7.4,7.76,7.39,7.72,155522887,2025335168
2011/2/15,7.73,7.76,7.61,7.63,111743067,1462480128
2011/2/16,7.59,7.63,7.52,7.58,108130990,1399038848
2011/2/17,7.64,7.77,7.59,7.67,107896347,1410869120
2011/2/18,7.64,7.75,7.54,7.64,68116200,887867072
2011/2/21,7.56,7.63,7.5,7.62,76184521,985182784
2011/2/22,7.6,7.6,7.3,7.34,93354989,1190287232
2011/2/23,7.32,7.4,7.23,7.31,66811755,842434368
2011/2/24,7.3,7.31,7.21,7.3,97281919,1219329408
2011/2/25,7.29,7.43,7.24,7.34,61226468,773953728
2011/2/28,7.34,7.41,7.26,7.39,50718950,642186240
2011/3/1,7.4,7.62,7.4,7.57,128630210,1658382848
2011/3/2,7.52,7.87,7.48,7.75,198210460,2605382400
2011/3/3,7.75,8.22,7.75,7.96,263696326,3550340352
2011/3/4,7.91,8.06,7.86,8.04,120797971,1626377344
2011/3/7,8.06,8.24,7.97,8.08,121331696,1655652992
2011/3/8,8.06,8.24,8.03,8.09,95174193,1301033088
2011/3/9,8.13,8.22,8.06,8.08,75569415,1034222208
2011/3/10,8.05,8.05,7.77,7.79,94145605,1256350976
2011/3/11,7.78,7.83,7.63,7.69,64682922,851985600
2011/3/14,7.68,7.77,7.66,7.7,44064900,578145216
2011/3/15,7.67,7.67,7.41,7.54,92725768,1193536384
2011/3/16,7.53,7.67,7.47,7.62,62901816,814120000
2011/3/17,7.52,7.59,7.46,7.5,46829496,602924288
2011/3/18,7.57,7.63,7.49,7.53,43770807,566212736
2011/3/21,7.53,7.65,7.5,7.56,46708141,604983296
2011/3/22,7.59,7.85,7.48,7.75,70018764,919016000
2011/3/23,7.73,7.9,7.69,7.83,56238253,746472064
2011/3/24,7.84,7.9,7.7,7.75,39629180,523824416
2011/3/25,7.77,8.05,7.77,7.92,83143551,1116145920
2011/3/28,8.03,8.16,7.93,7.95,89692561,1219766912
2011/3/29,7.97,8.26,7.96,8.09,116597369,1593941120
2011/3/30,8.17,8.38,8.11,8.26,171723152,2380731136
2011/3/31,8.26,8.3,8,8.09,78290829,1072999168
2011/4/1,8.07,8.51,8.07,8.49,139484638,1947168640
2011/4/6,8.49,8.84,8.49,8.83,191242695,2768155392
2011/4/7,8.83,8.92,8.74,8.8,98951023,1443643904
2011/4/8,8.79,8.92,8.68,8.78,68431749,995248768
2011/4/11,8.81,9.07,8.76,8.79,120906813,1775882496
2011/4/12,8.76,8.89,8.6,8.71,87681115,1271603456
2011/4/13,8.64,9.19,8.63,9.14,114475526,1677223680
2011/4/14,9.21,9.35,9.09,9.12,126396923,1907393152
2011/4/15,9.07,9.26,8.99,9.21,72972838,1095421312
2011/4/18,9.16,9.3,9.07,9.15,79681035,1200582144
2011/4/19,9.03,9.15,8.81,8.82,85498252,1261580032
2011/4/20,8.84,8.99,8.69,8.77,60869160,887371136
2011/4/21,8.86,8.99,8.76,8.8,56955897,832686400
2011/4/22,8.8,8.88,8.67,8.73,47599632,690125824
2011/4/25,8.82,8.94,8.69,8.79,75979221,1108066432
2011/4/26,8.83,8.96,8.76,8.96,84160008,1234241152
2011/4/27,9.02,9.14,8.73,8.86,97470766,1439938944
2011/4/29,8.92,8.95,8.38,8.59,101688583,1452649728
2011/5/3,8.56,8.69,8.47,8.6,47035506,673472576
2011/5/4,8.53,8.66,8.18,8.25,81001236,1132838528
2011/5/5,8.19,8.37,8.09,8.29,46974559,650093888
2011/5/6,8.16,8.36,8.12,8.24,36757391,508740032
2011/5/9,8.23,8.36,8.15,8.19,30554676,422490272
2011/5/10,8.23,8.37,8.16,8.36,36795361,511163680
2011/5/11,8.36,8.42,8.23,8.29,27344003,380898272
2011/5/12,8.23,8.33,8.1,8.11,37059483,511077952
2011/5/13,8.13,8.25,7.99,8.25,52149614,712045056
2011/5/16,8.19,8.31,8.13,8.14,37488832,517163712
2011/5/17,8.15,8.38,8.09,8.31,48282261,669260992
2011/5/18,8.29,8.55,8.26,8.49,54624469,770723072
2011/5/19,8.52,8.63,8.46,8.49,44471117,632129344
2011/5/20,8.48,8.65,8.46,8.56,51652211,736778816
2011/5/23,8.51,8.56,8.23,8.27,49529764,690545344
2011/5/24,8.24,8.33,8.22,8.26,33302192,462259456
2011/5/25,8.24,8.27,8.06,8.07,30456437,417290080
2011/5/26,8.16,8.19,8.04,8.11,32165477,439304192
2011/5/27,8.13,8.29,8.05,8.14,42690707,586884288
2011/5/30,8.11,8.27,8.05,8.23,32773527,450312960
2011/5/31,8.23,8.28,8.1,8.27,54862272,754258688
2011/6/1,8.23,8.29,8.14,8.18,43373105,597661120
2011/6/2,8.07,8.11,7.66,7.77,78054220,1039092736
2011/6/3,7.75,7.87,7.73,7.82,38481953,387260352
2011/6/7,7.77,7.86,7.71,7.83,32112692,322851680
2011/6/8,7.84,7.85,7.51,7.65,71399603,705901440
2011/6/9,7.63,7.63,7.4,7.42,50650154,494816800
2011/6/10,7.44,7.53,7.41,7.47,41514189,403650880
2011/6/13,7.43,7.56,7.35,7.52,33499528,325257120
2011/6/14,7.51,7.77,7.46,7.65,59763717,594459904
2011/6/15,7.63,7.63,7.42,7.45,50642541,494521280
2011/6/16,7.4,7.44,7.32,7.34,43684110,420806048
2011/6/17,7.34,7.42,7.28,7.29,38151775,367427552
2011/6/20,7.28,7.4,7.24,7.38,49155845,471826240
2011/6/21,7.39,7.45,7.36,7.41,44032371,426182656
2011/6/22,7.46,7.46,7.3,7.36,44402682,428768704
2011/6/23,7.35,7.52,7.23,7.47,51462993,496177920
2011/6/24,7.42,7.91,7.4,7.83,108608292,1083590784
2011/6/27,7.83,7.94,7.73,7.8,61879841,624566464
2011/6/28,7.8,7.81,7.62,7.73,48625916,485148832
2011/6/29,7.73,7.77,7.47,7.49,92115792,906629888
2011/6/30,7.51,7.7,7.47,7.57,89477914,880212544
2011/7/1,7.58,7.59,7.38,7.47,84950358,829257856
2011/7/4,7.52,7.85,7.51,7.83,137704167,1372265472
2011/7/5,7.83,7.91,7.72,7.78,79844236,803065792
2011/7/6,7.74,7.74,7.53,7.65,78083396,771582208
2011/7/7,7.82,7.88,7.63,7.66,110306181,1107281024
2011/7/8,7.68,7.98,7.66,7.87,96178652,973144640
2011/7/11,7.78,7.86,7.69,7.78,77297565,774789760
2011/7/12,7.7,7.75,7.57,7.61,73779698,730710144
2011/7/13,7.66,7.81,7.6,7.74,60517246,605053184
2011/7/14,7.73,7.83,7.7,7.83,72244581,725394112
2011/7/15,7.78,7.87,7.72,7.82,66656003,672068544
2011/7/18,7.83,7.83,7.66,7.73,88296134,883661184
2011/7/19,7.67,7.69,7.55,7.58,77790440,768616576
2011/7/20,7.63,7.67,7.5,7.57,63761031,626819392
2011/7/21,7.56,7.58,7.37,7.46,73648903,716204416
2011/7/22,7.48,7.51,7.4,7.43,52488395,509417152
2011/7/25,7.38,7.4,7.1,7.16,88189088,838678400
2011/7/26,7.16,7.28,7.11,7.15,45125010,426214464
2011/7/27,7.11,7.15,7.08,7.12,48213160,452508640
2011/7/28,7.06,7.07,6.88,6.95,65663811,605993984
2011/7/29,6.98,7.34,6.86,7.13,95487760,894864384
2011/8/1,7.06,7.19,7,7.05,44930056,420409952
2011/8/2,6.98,7.04,6.86,6.99,41364988,380816096
2011/8/3,6.92,7.04,6.9,6.99,31523822,291253824
2011/8/4,7.04,7.13,7,7.01,30410552,283911232
2011/8/5,6.82,6.88,6.73,6.76,71952165,651685184
2011/8/8,6.68,6.82,6.35,6.46,98624718,871891968
2011/8/9,6.25,6.68,6.2,6.6,110925176,968666688
2011/8/10,6.75,6.81,6.6,6.64,67295852,605242176
2011/8/11,6.46,6.88,6.44,6.83,74782511,673428864
2011/8/12,6.85,6.88,6.71,6.76,51162640,463907936
2011/8/15,6.8,7.12,6.72,7.1,89493443,825023424
2011/8/16,7.08,7.24,7,7.08,92194078,866602368
2011/8/17,7.07,7.14,7.01,7.01,44535594,415370560
2011/8/18,7.05,7.06,6.82,6.85,40832235,375402144
2011/8/19,6.72,6.81,6.67,6.75,55545006,500195840
2011/8/22,6.77,6.88,6.68,6.71,42762550,385779136
2011/8/23,6.76,6.92,6.66,6.91,48210876,438712160
2011/8/24,6.94,7.07,6.81,6.83,53322202,490717792
2011/8/25,6.88,7.26,6.84,7.21,121038880,1135191040
2011/8/26,7.15,7.24,7.05,7.19,61998169,584450240
2011/8/29,7.02,7.02,6.86,6.91,75330948,693917120
2011/8/30,6.98,7.13,6.88,6.92,49166774,456223296
2011/8/31,6.91,7.08,6.89,7.02,34349428,318100896
2011/9/1,7.04,7.16,7.01,7.1,58506018,548068864
2011/9/2,7.08,7.13,6.93,7.02,32039819,297248800
2011/9/5,6.93,6.95,6.84,6.88,30840689,282591744
2011/9/6,6.82,6.95,6.76,6.84,42139539,384694368
2011/9/7,6.86,7.11,6.81,7.02,40598521,374413888
2011/9/8,7.03,7.06,6.93,6.99,28413650,263397216
2011/9/9,7.03,7.14,6.95,7.03,38055811,354331616
2011/9/13,6.91,6.95,6.85,6.88,27627217,252939808
2011/9/14,6.93,6.94,6.67,6.83,50592099,457967168
2011/9/15,6.83,6.9,6.67,6.68,56765027,512651840
2011/9/16,6.75,6.8,6.68,6.71,42224050,380213984
2011/9/19,6.64,6.65,6.52,6.54,41510239,366080576
2011/9/20,6.53,6.65,6.46,6.59,34551618,305251360
2011/9/21,6.59,6.95,6.49,6.82,70353056,635069888
2011/9/22,6.74,6.75,6.53,6.55,53791988,479557632
2011/9/23,6.44,6.54,6.34,6.46,54164832,470756864
2011/9/26,6.38,6.45,6.13,6.17,81748380,697436160
2011/9/27,6.25,6.31,6.21,6.25,40252611,343008384
2011/9/28,6.32,6.33,6.13,6.16,42407399,360008928
2011/9/29,6.12,6.25,6.06,6.18,43757787,369392512
2011/9/30,6.21,6.37,6.17,6.27,60468787,515663936
2011/10/10,6.25,6.29,6.14,6.15,32428434,274365568
2011/10/11,6.51,6.51,6.21,6.3,59130344,511050464
2011/10/12,6.27,6.65,6.22,6.58,89412222,787072832
2011/10/13,6.55,6.67,6.49,6.6,51298778,453963296
2011/10/14,6.57,6.61,6.46,6.56,40504198,356399904
2011/10/17,6.57,6.78,6.55,6.65,46009758,410848352
2011/10/18,6.58,6.63,6.48,6.51,41115344,362177728
2011/10/19,6.51,6.65,6.48,6.57,36188377,319545728
2011/10/20,6.5,6.59,6.37,6.46,50658455,443175232
2011/10/21,6.48,6.7,6.43,6.62,59306969,526976704
2011/10/24,6.64,6.94,6.6,6.89,94932084,864185472
2011/10/25,6.91,6.98,6.81,6.89,66314936,608223040
2011/10/26,6.86,7.03,6.78,6.91,68454846,631301568
2011/10/27,6.99,7.08,6.94,6.99,45585827,422360448
2011/10/28,7.13,7.28,6.99,7.11,82502754,775731712
2011/10/31,7.08,7.08,6.89,6.94,50778832,468747744
2011/11/1,6.88,7.07,6.84,6.91,57198902,527513056
2011/11/2,6.81,7.1,6.77,7.09,59397848,546059776
2011/11/3,7.11,7.12,6.95,6.97,84349601,785658944
2011/11/4,7.08,7.09,6.96,7.04,42565042,395922336
2011/11/7,6.98,7.01,6.89,6.91,32870037,302777632
2011/11/8,6.97,7.03,6.87,6.94,31693301,291603584
2011/11/9,6.97,7.02,6.91,7,27951632,257975136
2011/11/10,6.93,6.98,6.77,6.78,46636157,426657152
2011/11/11,6.79,6.9,6.78,6.81,25261827,230005504
2011/11/14,6.91,7,6.86,6.94,42296963,389371104
2011/11/15,6.93,6.95,6.86,6.91,30013432,275179264
2011/11/16,6.91,6.91,6.6,6.65,64028631,576115136
2011/11/17,6.67,6.7,6.57,6.59,32007465,284590464
2011/11/18,6.53,6.62,6.49,6.53,36819930,324198784
2011/11/21,6.57,6.58,6.4,6.47,32355327,281903840
2011/11/22,6.43,6.54,6.41,6.48,30669913,268099632
2011/11/23,6.49,6.5,6.35,6.42,26370231,228822400
2011/11/24,6.35,6.49,6.33,6.43,24460075,212634672
2011/11/25,6.43,6.45,6.33,6.35,21366538,184856608
2011/11/28,6.36,6.41,6.3,6.33,23967739,206431568
2011/11/29,6.39,6.47,6.35,6.46,25960610,225388352
2011/11/30,6.42,6.46,6.2,6.23,44971839,384658400
2011/12/1,6.47,6.68,6.46,6.54,89049077,787219136
2011/12/2,6.51,6.58,6.44,6.53,38638133,339557376
2011/12/5,6.57,6.64,6.36,6.53,40188321,354439392
2011/12/6,6.49,6.57,6.43,6.46,26440305,232129312
2011/12/7,6.47,6.56,6.43,6.51,23350899,204935328
2011/12/8,6.51,6.56,6.41,6.51,21909676,191759968
2011/12/9,6.46,6.51,6.37,6.43,29514000,257109792
2011/12/12,6.41,6.47,6.37,6.39,23035328,200109776
2011/12/13,6.37,6.45,6.29,6.31,47600711,412160768
2011/12/14,6.3,6.38,6.27,6.33,27334982,235202160
2011/12/15,6.29,6.35,6.21,6.22,41518789,354799712
2011/12/16,6.24,6.38,6.22,6.35,37730295,322463296
2011/12/19,6.3,6.37,6.1,6.34,45264959,384672672
2011/12/20,6.31,6.48,6.29,6.32,38376971,331731072
2011/12/21,6.39,6.45,6.23,6.26,41637650,359681312
2011/12/22,6.22,6.32,6.18,6.26,42682705,363453856
2011/12/23,6.27,6.34,6.22,6.27,23263186,198890336
2011/12/26,6.25,6.29,6.15,6.2,31788769,269877056
2011/12/27,6.2,6.26,6.13,6.17,31075676,262876944
2011/12/28,6.16,6.19,5.98,6.11,42011046,351109632
2011/12/29,6.08,6.11,6.02,6.08,40055045,333839360
2011/12/30,6.12,6.24,6.11,6.22,52982530,448339744
2012/1/4,6.27,6.29,6.12,6.14,34201379,290229536
2012/1/5,6.2,6.55,6.2,6.38,132116203,1144753024
2012/1/6,6.36,6.51,6.35,6.44,61778687,537043776
2012/1/9,6.45,6.72,6.41,6.68,80136249,711429632
2012/1/10,6.68,6.83,6.61,6.8,72004632,647206656
2012/1/11,6.78,6.83,6.71,6.73,49261157,444366560
2012/1/12,6.73,6.94,6.72,6.82,60486981,551261440
2012/1/13,6.84,6.91,6.7,6.77,56725332,514638080
2012/1/16,6.73,6.85,6.69,6.7,33100160,299225056
2012/1/17,6.73,6.99,6.52,6.93,97357263,876457408
2012/1/18,6.89,6.96,6.73,6.77,58089289,529288096
2012/1/19,6.78,6.95,6.75,6.93,68645571,628781824
2012/1/20,6.98,7.16,6.9,7.15,95052703,883450368
2012/1/30,7.13,7.14,6.93,6.95,71883155,668276672
2012/1/31,6.97,7.01,6.89,6.95,35464104,326763264
2012/2/1,6.93,6.99,6.78,6.81,39647888,362716576
2012/2/2,6.85,7.15,6.81,7.13,87973331,816297536
2012/2/3,7.08,7.23,7.05,7.17,97135312,914988416
2012/2/6,7.19,7.24,7.02,7.12,63691281,599080960
2012/2/7,7.05,7.09,6.91,6.97,51391402,475945760
2012/2/8,6.96,7.21,6.96,7.18,64270717,602796544
2012/2/9,7.18,7.21,7.09,7.13,50273854,473358240
2012/2/10,7.09,7.21,7.05,7.1,51836488,487049472
2012/2/13,6.98,7.1,6.91,7,49204966,456411680
2012/2/14,6.97,7.01,6.86,6.92,53024869,487049248
2012/2/15,6.89,7.02,6.87,6.96,55064760,507511360
2012/2/16,6.98,7.01,6.87,6.92,47501799,437494048
2012/2/17,6.98,7.04,6.93,6.99,41743292,386595872
2012/2/20,7.14,7.14,6.98,6.99,57740009,539245888
2012/2/21,7,7.04,6.93,7.01,42757386,395923936
2012/2/22,7.01,7.09,6.93,7.05,81447790,755732416
2012/2/23,7.05,7.13,7.01,7.06,87754888,818404864
2012/2/24,7.08,7.26,7.04,7.24,128341832,1207795584
2012/2/27,7.3,7.35,7.18,7.21,126664015,1206459776
2012/2/28,7.21,7.43,7.19,7.39,136121116,1308533888
2012/2/29,7.4,7.4,7.24,7.27,77757837,745267136
2012/3/1,7.23,7.32,7.22,7.28,46237868,441399328
2012/3/2,7.28,7.43,7.27,7.42,74013187,711842944
2012/3/5,7.47,7.48,7.31,7.31,66098035,638459392
2012/3/6,7.26,7.34,7.14,7.17,68450355,650629568
2012/3/7,7.12,7.17,7.06,7.07,51077237,479615296
2012/3/8,7.12,7.23,7.1,7.19,54828552,517039328
2012/3/9,7.2,7.24,7.15,7.2,47510501,449318752
2012/3/12,7.17,7.18,7.06,7.11,52784386,494779968
2012/3/13,7.12,7.26,7.08,7.2,61430150,582028864
2012/3/14,7.26,7.34,7.05,7.09,99280321,940852480
2012/3/15,7.09,7.18,6.89,6.92,70673894,661561280
2012/3/16,6.98,7.07,6.93,6.98,72584563,672304000
2012/3/19,6.99,7.05,6.97,7.01,50228036,466395776
2012/3/20,6.98,6.99,6.85,6.85,62725576,575220544
2012/3/21,6.91,6.92,6.75,6.81,51867060,471579968
2012/3/22,6.82,6.94,6.76,6.85,38651197,352251200
2012/3/23,6.83,6.85,6.75,6.79,35268448,319927040
2012/3/26,6.78,6.9,6.78,6.86,33692849,306941856
2012/3/27,6.88,6.9,6.81,6.85,27294640,249025232
2012/3/28,6.85,6.87,6.66,6.7,43565307,394701408
2012/3/29,6.67,6.73,6.58,6.6,48391415,432068896
2012/3/30,6.65,6.7,6.61,6.66,50587012,451335936
2012/4/5,6.63,6.68,6.54,6.66,76352001,677374528
2012/4/6,6.66,6.69,6.57,6.67,56682481,504458944
2012/4/9,6.62,6.67,6.56,6.57,34889828,309720480
2012/4/10,6.59,6.66,6.51,6.65,45147000,399088192
2012/4/11,6.6,6.68,6.58,6.62,39397074,350489728
2012/4/12,6.62,6.87,6.6,6.85,64571634,581979200
2012/4/13,6.84,6.88,6.75,6.87,61175666,556243008
2012/4/16,6.81,6.85,6.77,6.79,38614798,350463008
2012/4/17,6.79,6.82,6.66,6.66,49466011,444391616
2012/4/18,6.66,6.87,6.65,6.85,67117990,607091648
2012/4/19,6.83,6.89,6.79,6.85,48488000,441712576
2012/4/20,6.83,7.05,6.82,7.04,77240835,714085568
2012/4/23,7,7.06,6.94,6.97,41839068,387763904
2012/4/24,6.96,7.28,6.95,7.11,113165453,1065629952
2012/4/25,7.07,7.17,7.06,7.08,66489024,623235392
2012/4/26,7.15,7.19,7.03,7.1,53826936,503917248
2012/4/27,7.12,7.18,7.08,7.14,47114993,443152192
2012/5/2,7.21,7.32,7.14,7.29,107696972,1023491904
2012/5/3,7.24,7.28,7.15,7.19,60560075,574341312
2012/5/4,7.2,7.23,7.12,7.22,71659892,677231232
2012/5/7,7.16,7.21,7.07,7.15,82225733,773477056
2012/5/8,7.14,7.15,7.01,7.09,86721348,810233984
2012/5/9,7.03,7.04,6.91,6.93,65066893,600930048
2012/5/10,6.94,6.97,6.84,6.89,67576254,619397952
2012/5/11,6.89,6.96,6.85,6.89,35532729,325856896
2012/5/14,6.94,6.96,6.79,6.81,70896633,648414464
2012/5/15,6.73,6.78,6.71,6.77,60429994,544604544
2012/5/16,6.76,6.76,6.62,6.64,75535741,676147520
2012/5/17,6.66,6.75,6.63,6.7,43092663,386025728
2012/5/18,6.65,6.65,6.55,6.59,61950167,549225600
2012/5/21,6.59,6.64,6.56,6.6,46679612,413635872
2012/5/22,6.63,6.7,6.61,6.69,67549651,602839680
2012/5/23,6.68,6.69,6.58,6.62,61979794,552097472
2012/5/24,6.61,6.67,6.54,6.58,49757216,441704160
2012/5/25,6.58,6.59,6.5,6.52,45887776,404197696
2012/5/28,6.53,6.61,6.5,6.6,52347656,461949312
2012/5/29,6.59,6.71,6.55,6.68,93478648,831085312
2012/5/30,6.65,6.66,6.52,6.55,88036486,779244032
2012/5/31,6.52,6.53,6.48,6.5,67011196,587833152
2012/6/1,6.51,6.57,6.48,6.51,42401677,372673952
2012/6/4,6.44,6.44,6.31,6.32,69367973,599453504
2012/6/5,6.35,6.37,6.28,6.29,69666907,598110592
2012/6/6,6.32,6.41,6.28,6.35,49918846,429065888
2012/6/7,6.41,6.43,6.26,6.29,48026408,413324672
2012/6/8,6.24,6.26,6.04,6.07,140389731,1176530432
2012/6/11,6.09,6.11,6.04,6.07,71644862,597652544
2012/6/12,6.04,6.08,5.92,6.02,82431224,680814848
2012/6/14,6.03,6.07,5.98,6,80017463,664166656
2012/6/15,6.04,6.26,6.02,6.2,134216053,1129580288
2012/6/18,6.2,6.21,6.15,6.19,50212960,424346816
2012/6/19,6.2,6.27,6.16,6.22,47008304,398791968
2012/6/20,6.27,6.34,6.21,6.23,50000107,427039904
2012/6/21,6.24,6.24,6.13,6.17,39423884,332932096
2012/6/25,6.15,6.21,6.07,6.08,52706596,443526592
2012/6/26,6.1,6.15,6.06,6.09,39982538,323089664
2012/6/27,6.09,6.12,6.06,6.08,26966055,217422016
2012/6/28,6.08,6.1,6.04,6.04,28876449,232014032
2012/6/29,6.07,6.19,6.05,6.16,50974236,412653792
2012/7/2,6.18,6.18,6.08,6.12,43691987,353033248
2012/7/3,6.12,6.18,6.1,6.12,40080965,324895968
2012/7/4,6.13,6.21,6.11,6.15,39552477,321375936
2012/7/5,6.14,6.15,6.08,6.1,33635896,271555072
2012/7/6,5.95,6,5.91,6,115797069,917011456
2012/7/9,5.96,5.97,5.68,5.7,106535413,829804096
2012/7/10,5.7,5.79,5.69,5.73,45089773,347540672
2012/7/11,5.72,5.77,5.7,5.74,32425638,249889712
2012/7/12,5.74,5.75,5.61,5.7,100909326,770420608
2012/7/13,5.69,5.82,5.67,5.76,45202381,349346432
2012/7/16,5.78,5.78,5.65,5.66,46584899,358037216
2012/7/17,5.68,5.76,5.65,5.72,30224255,232272368
2012/7/18,5.72,5.72,5.63,5.7,47630983,363638272
2012/7/19,5.68,5.76,5.64,5.72,77344589,594527744
2012/7/20,5.7,5.71,5.63,5.64,55545514,423521024
2012/7/23,5.6,5.6,5.45,5.48,64501900,480841536
2012/7/24,5.46,5.53,5.44,5.49,48389405,360293120
2012/7/25,5.46,5.53,5.42,5.44,47580447,353247488
2012/7/26,5.43,5.48,5.4,5.43,30350495,224778992
2012/7/27,5.45,5.59,5.43,5.52,58500797,438293376
2012/7/30,5.55,5.68,5.52,5.59,62142486,470732256
2012/7/31,5.6,5.72,5.59,5.69,70118950,535947136
2012/8/1,5.7,5.74,5.62,5.68,62270863,476495456
2012/8/2,5.71,5.8,5.68,5.78,75444190,581966464
2012/8/3,5.77,5.78,5.71,5.77,44045380,339338688
2012/8/6,5.76,5.77,5.72,5.75,46411105,358235328
2012/8/7,5.75,5.76,5.68,5.72,34912528,268267936
2012/8/8,5.73,5.8,5.72,5.76,53821168,416624096
2012/8/9,5.78,5.79,5.72,5.78,32490296,251340992
2012/8/10,5.82,5.88,5.81,5.83,46782980,365500896
2012/8/13,5.83,5.86,5.77,5.78,47282079,368478432
2012/8/14,5.79,5.83,5.76,5.83,39743689,308683296
2012/8/15,5.83,5.83,5.58,5.61,89555247,683068992
2012/8/16,5.62,5.62,5.53,5.56,40630297,306256960
2012/8/17,5.55,5.61,5.54,5.58,33322665,251555248
2012/8/20,5.55,5.59,5.49,5.55,27038216,202877232
2012/8/21,5.54,5.59,5.52,5.54,36268940,272732512
2012/8/22,5.55,5.56,5.5,5.55,35326454,264640480
2012/8/23,5.54,5.58,5.5,5.55,36366406,273444032
2012/8/24,5.55,5.56,5.48,5.52,36963616,277056704
2012/8/27,5.48,5.52,5.42,5.43,40334510,300069728
2012/8/28,5.46,5.65,5.43,5.63,54763743,411991616
2012/8/29,5.59,5.6,5.55,5.58,38419444,289895904
2012/8/30,5.53,5.65,5.53,5.64,44804211,339823936
2012/8/31,5.61,5.71,5.6,5.64,37255105,284745600
2012/9/3,5.66,5.66,5.56,5.61,55393324,419440928
2012/9/4,5.59,5.62,5.46,5.49,44361378,332534240
2012/9/5,5.47,5.48,5.31,5.35,73135906,536590336
2012/9/6,5.37,5.42,5.33,5.41,38370245,281996032
2012/9/7,5.45,5.81,5.43,5.63,145971941,1108956800
2012/9/10,5.62,5.64,5.56,5.59,63799021,482615584
2012/9/11,5.57,5.57,5.46,5.52,50981388,381041952
2012/9/12,5.56,5.59,5.45,5.51,41199392,308089952
2012/9/13,5.5,5.53,5.47,5.48,28598526,213621168
2012/9/14,5.53,5.59,5.47,5.55,60553998,454887776
2012/9/17,5.55,5.55,5.43,5.44,39495794,294478240
2012/9/18,5.42,5.43,5.37,5.38,29556474,217783072
2012/9/19,5.38,5.41,5.36,5.37,35316266,259404096
2012/9/20,5.35,5.37,5.25,5.26,48072062,349808064
2012/9/21,5.25,5.29,5.21,5.24,37540673,271098080
2012/9/24,5.21,5.24,5.14,5.2,44280628,316830848
2012/9/25,5.19,5.21,5.16,5.19,23528437,168346304
2012/9/26,5.18,5.21,5.13,5.14,28344266,202126624
2012/9/27,5.14,5.39,5.13,5.35,74565209,540842752
2012/9/28,5.31,5.42,5.27,5.41,62930106,460162688
2012/10/8,5.41,5.45,5.31,5.35,32324563,237702592
2012/10/9,5.38,5.51,5.37,5.48,48620078,361695648
2012/10/10,5.46,5.49,5.43,5.47,27147361,201761968
2012/10/11,5.44,5.46,5.4,5.44,29564294,218797760
2012/10/12,5.46,5.53,5.44,5.48,37953795,283061216
2012/10/15,5.49,5.5,5.4,5.44,22249339,164793072
2012/10/16,5.44,5.55,5.42,5.49,43952520,328313920
2012/10/17,5.51,5.61,5.47,5.58,52658490,395714432
2012/10/18,5.58,5.68,5.57,5.65,51397333,390882240
2012/10/19,5.65,5.66,5.58,5.61,40185550,305185408
2012/10/22,5.57,5.71,5.56,5.68,36799861,280112256
2012/10/23,5.69,5.71,5.58,5.6,32189190,245356336
2012/10/24,5.58,5.66,5.57,5.62,28328508,215116944
2012/10/25,5.61,5.65,5.53,5.56,29807495,225449552
2012/10/26,5.57,5.6,5.45,5.49,49611207,370899616
2012/10/29,5.47,5.52,5.45,5.5,28176827,210091712
2012/10/30,5.5,5.56,5.43,5.51,37082866,276344864
2012/10/31,5.52,5.56,5.46,5.54,36411101,273109824
2012/11/1,5.55,5.73,5.54,5.67,57205114,436219680
2012/11/2,5.68,5.73,5.64,5.71,47587494,364830176
2012/11/5,5.73,5.81,5.69,5.76,56974001,439602336
2012/11/6,5.77,5.77,5.62,5.71,42177128,323024800
2012/11/7,5.7,5.76,5.67,5.72,26193792,201366784
2012/11/8,5.66,5.69,5.56,5.57,38667163,293900672
2012/11/9,5.56,5.62,5.53,5.56,26921255,202868992
2012/11/12,5.57,5.67,5.56,5.66,43645487,331521952
2012/11/13,5.65,5.65,5.51,5.52,37691617,283805504
2012/11/14,5.52,5.56,5.5,5.53,21823216,163644368
2012/11/15,5.52,5.53,5.44,5.45,29220009,217739712
2012/11/16,5.44,5.44,5.37,5.39,33266319,245149920
2012/11/19,5.39,5.43,5.36,5.4,24785310,182453728
2012/11/20,5.43,5.44,5.36,5.38,20252986,149215104
2012/11/21,5.38,5.51,5.37,5.5,28957627,214374144
2012/11/22,5.48,5.51,5.43,5.47,22784842,169442912
2012/11/23,5.49,5.59,5.46,5.54,35819826,268999520
2012/11/26,5.53,5.57,5.46,5.5,28167480,210337440
2012/11/27,5.47,5.55,5.45,5.49,40827533,304729088
2012/11/28,5.47,5.53,5.45,5.47,41978767,312815520
2012/11/29,5.49,5.5,5.43,5.44,39279397,291914528
2012/11/30,5.44,5.51,5.4,5.49,38822287,288486304
2012/12/3,5.49,5.5,5.37,5.38,53769233,396827584
2012/12/4,5.36,5.49,5.36,5.46,34974819,258840208
2012/12/5,5.46,5.95,5.44,5.91,227002022,1764021504
2012/12/6,5.9,6,5.86,5.92,115134979,910874048
2012/12/7,5.96,6.31,5.95,6.29,229249195,1863056896
2012/12/10,6.38,6.45,6.29,6.36,215254803,1796312704
2012/12/11,6.35,6.4,6.28,6.31,114930761,955761536
2012/12/12,6.32,6.52,6.32,6.43,174126970,1463953024
2012/12/13,6.38,6.48,6.31,6.32,124094525,1038553792
2012/12/14,6.35,7.02,6.35,6.93,344394455,3002867456
2012/12/17,7.03,7.14,6.97,7.1,254783070,2298528768
2012/12/18,7.04,7.32,7,7.17,234880214,2144833792
2012/12/19,7.14,7.19,7.01,7.08,176670647,1601205248
2012/12/20,7.02,7.1,6.91,7.09,149750877,1346132224
2012/12/21,7.09,7.14,6.91,7,130820092,1174200064
2012/12/24,6.97,7.29,6.97,7.12,134642726,1224943488
2012/12/25,7.1,7.59,7.07,7.48,234226689,2200438272
2012/12/26,7.49,7.52,7.4,7.49,96013021,904988224
2012/12/27,7.49,7.67,7.35,7.42,127847946,1211244288
2012/12/28,7.4,7.67,7.4,7.62,119599842,1140200576
2012/12/31,7.67,7.99,7.66,7.95,198451648,1956467584
2013/1/4,8.13,8.29,7.96,8.05,261436810,2633796608
2013/1/7,8.08,8.37,8.04,8.35,248200915,2534161920
2013/1/8,8.37,8.38,8.09,8.15,154851189,1573240192
2013/1/9,8.12,8.21,8.01,8.17,175906181,1774560384
2013/1/10,8.14,8.24,8.02,8.07,121226794,1224888960
2013/1/11,8.1,8.15,7.8,7.85,171547464,1709899008
2013/1/14,7.78,8.39,7.78,8.38,228634872,2326609920
2013/1/15,8.38,8.44,8.25,8.36,134039003,1383536256
2013/1/16,8.31,8.35,8.01,8.15,156691872,1588121344
2013/1/17,8.08,8.2,7.91,8.06,116672023,1163327232
2013/1/18,8.11,8.28,8,8.19,129872645,1315677056
2013/1/21,8.23,8.47,8.08,8.43,178154882,1826584576
2013/1/22,8.41,8.79,8.28,8.51,242222065,2546398208
2013/1/23,8.47,8.65,8.4,8.63,155968498,1637582720
2013/1/24,8.63,9.07,8.56,8.64,320210498,3446063872
2013/1/25,8.63,8.71,8.56,8.69,89716806,951423104
2013/1/28,8.69,9.24,8.68,9.21,263089195,2903989248
2013/1/29,9.24,9.5,9.14,9.33,191067344,2155684352
2013/1/30,9.32,9.39,9.12,9.27,172171454,1933405056
2013/1/31,9.27,9.53,9.15,9.51,181147190,2051351296
2013/2/1,9.44,10,9.34,9.98,223157195,2595572224
2013/2/4,10.01,10.3,9.86,10.1,271540507,3269293056
2013/2/5,9.94,10.03,9.68,9.9,176944688,2098278656
2013/2/6,9.88,10.08,9.75,10.03,133748186,1595335936
2013/2/7,10.03,10.05,9.2,9.46,315193605,3634915072
2013/2/8,9.43,9.48,9.09,9.37,195904902,2214211072
2013/2/18,9.45,9.53,9.22,9.29,119051849,1348960768
2013/2/19,9.26,9.34,9.1,9.13,114565262,1279590656
2013/2/20,9.13,9.15,8.61,8.84,264523040,2849978368
2013/2/21,8.68,8.71,8.03,8.25,290791316,2996527616
2013/2/22,8.22,8.37,8.11,8.17,143226433,1463429376
2013/2/25,8.24,8.43,8.23,8.35,116274545,1198145536
2013/2/26,8.23,8.79,8.18,8.36,238592674,2515148288
2013/2/27,8.39,8.73,8.34,8.42,158815735,1662077312
2013/2/28,8.58,9.1,8.42,9.09,224658466,2416913152
2013/3/1,9.1,9.34,8.83,9.2,223208905,2475460608
2013/3/4,8.89,8.93,8.3,8.42,261002023,2758781184
2013/3/5,8.39,9.25,8.39,9.1,233607734,2525017088
2013/3/6,9.19,9.34,8.99,9.14,205631621,2289024768
2013/3/7,9.05,9.13,8.54,8.79,191555154,2072717440
2013/3/8,8.84,8.91,8.63,8.74,103046487,1106726784
2013/3/11,8.7,8.7,8.44,8.5,94081221,990803392
2013/3/12,8.49,8.68,8.21,8.32,132298619,1371021568
2013/3/13,8.32,8.45,8.14,8.28,105764431,1083876608
2013/3/14,8.43,8.59,8.3,8.48,163419368,1707645824
2013/3/15,8.5,8.96,8.41,8.54,214299272,2283442432
2013/3/18,8.47,8.67,8.42,8.51,142604467,1499673088
2013/3/19,8.5,8.69,8.46,8.68,114470221,1207222528
2013/3/20,8.71,9.23,8.68,9.22,253698290,2793678336
2013/3/21,9.23,9.31,8.97,9.13,193267919,2143848576
2013/3/22,9.04,9.14,8.98,9.09,122824527,1356165888
2013/3/25,9.16,9.27,9.03,9.07,89020579,986945856
2013/3/26,9.01,9.02,8.68,8.73,126327261,1358261888
2013/3/27,8.74,8.98,8.66,8.79,113814685,1225592704
2013/3/28,8.23,8.28,7.71,8.05,298069476,2992135424
2013/3/29,8.06,8.24,7.94,8.16,131028762,1315731584
2013/4/1,8.09,8.23,8.06,8.08,76052116,767292288
2013/4/2,8.1,8.2,7.97,8.06,83681538,840890496
2013/4/3,8.08,8.18,7.98,8.09,88765772,892637760
2013/4/8,7.9,8.02,7.73,7.95,89499064,883268160
2013/4/9,7.99,8.15,7.99,8.07,65806596,660726016
2013/4/10,8.06,8.07,7.95,8.03,54586848,544630528
2013/4/11,8.11,8.15,8.03,8.05,43303750,435013696
2013/4/12,8.06,8.09,7.93,7.97,41832297,417375296
2013/4/15,7.97,8.02,7.82,7.86,75763623,747795136
2013/4/16,7.78,7.86,7.63,7.77,126274720,1224441856
2013/4/17,7.77,7.77,7.55,7.62,86278542,829038272
2013/4/18,7.49,7.69,7.45,7.66,103421937,985199552
2013/4/19,7.68,8.22,7.65,8.17,178675031,1778831232
2013/4/22,8.14,8.25,8.13,8.25,123343744,1254891776
2013/4/23,8.31,8.32,7.83,7.87,108826815,1083711360
2013/4/24,7.89,8.18,7.8,8.06,105005043,1045917568
2013/4/25,8.03,8.1,7.85,7.94,74320334,737540032
2013/4/26,7.99,8.04,7.88,7.91,52806428,524919904
2013/5/2,7.8,7.89,7.69,7.85,80667825,786928384
2013/5/3,7.9,8.2,7.86,8.04,109373480,1097528960
2013/5/6,8.06,8.24,8,8.16,87865272,888293824
2013/5/7,8.12,8.13,8.01,8.09,60095952,603143616
2013/5/8,8.15,8.23,8.04,8.08,72153519,728615168
2013/5/9,8.09,8.11,7.92,8,64667334,644949056
2013/5/10,7.96,8.09,7.92,8.06,63127003,630968320
2013/5/13,8.05,8.14,7.96,8.05,66994306,670319744
2013/5/14,8.06,8.08,7.96,8,67348057,671548096
2013/5/15,8.01,8.05,7.96,8.02,47275904,471747488
2013/5/16,8.02,8.19,7.87,8.18,111647303,1120193792
2013/5/17,8.18,8.31,8.08,8.27,122955149,1250713216
2013/5/20,8.29,8.57,8.23,8.44,156851179,1632285440
2013/5/21,8.41,8.45,8.27,8.37,91775245,946356992
2013/5/22,8.36,8.41,8.31,8.39,71207689,734819200
2013/5/23,8.32,8.36,8.18,8.18,82484743,845485632
2013/5/24,8.23,8.31,8.13,8.23,63230983,644944832
2013/5/27,8.24,8.36,8.21,8.32,69546991,714504512
2013/5/28,8.33,8.59,8.28,8.58,111377099,1160468736
2013/5/29,8.61,8.65,8.54,8.55,91459014,966132032
2013/5/30,8.51,8.65,8.5,8.57,89454796,942531008
2013/5/31,8.59,8.65,8.49,8.5,101875600,1074952832
2013/6/3,8.55,8.59,8.39,8.42,83186090,823621312
2013/6/4,8.47,8.47,8.28,8.32,60164557,587136128
2013/6/5,8.32,8.35,8.18,8.23,56405768,545296064
2013/6/6,8.19,8.25,8,8.03,72417597,688813184
2013/6/7,8.09,8.15,7.9,7.93,72344081,682011584
2013/6/13,7.83,7.83,7.49,7.6,127820275,1152185088
2013/6/14,7.65,7.65,7.56,7.6,77530686,699500736
2013/6/17,7.63,7.68,7.54,7.59,52039165,469144448
2013/6/18,7.63,7.7,7.59,7.65,40358845,365844128
2013/6/19,7.63,7.63,7.4,7.47,53104791,473179680
2013/6/20,7.44,7.44,6.98,7,137571510,1178952704
2013/6/21,6.89,7.05,6.8,6.86,147442615,1229287040
2013/6/24,6.87,6.87,6.08,6.1,249977361,1942163840
2013/6/25,6.03,6.42,5.76,6.38,246601203,1856925568
2013/6/26,6.48,6.53,6.21,6.35,130788936,1016856704
2013/6/27,6.43,6.5,6.28,6.46,125823284,982597056
2013/6/28,6.4,6.88,6.34,6.86,157753950,1276035968
2013/7/1,6.8,6.85,6.65,6.75,86027064,702497408
2013/7/2,6.76,6.8,6.53,6.73,84019573,677872960
2013/7/3,6.68,6.69,6.55,6.62,69690313,560255104
2013/7/4,6.64,6.86,6.6,6.7,85794489,697456128
2013/7/5,6.69,6.8,6.66,6.69,58764344,477728576
2013/7/8,6.58,6.63,6.48,6.49,63977579,508688896
2013/7/9,6.5,6.54,6.46,6.5,40964528,324418304
2013/7/10,6.53,6.71,6.48,6.69,60829122,488041472
2013/7/11,6.75,7.5,6.75,7.44,274152438,2369027072
2013/7/12,7.34,7.43,7.01,7.07,162211373,1400965632
2013/7/15,7.13,7.29,6.99,7.14,103850924,891216128
2013/7/16,7.1,7.13,6.99,7.12,78430472,664317056
2013/7/17,7.1,7.13,6.96,7.03,79489709,673336896
2013/7/18,6.99,7.03,6.74,6.78,99044377,818192320
2013/7/19,6.8,6.82,6.6,6.61,76242268,619426688
2013/7/22,6.48,6.57,6.4,6.53,95552055,754153152
2013/7/23,6.57,6.81,6.52,6.72,115906521,942643008
2013/7/24,6.62,6.67,6.48,6.58,87410550,697536448
2013/7/25,6.6,6.69,6.54,6.6,62010839,497968416
2013/7/26,6.56,6.59,6.52,6.55,42800503,341110304
2013/7/29,6.48,6.48,6.29,6.32,84518514,655293184
2013/7/30,6.36,6.54,6.32,6.42,68907635,540970752
2013/7/31,6.49,6.6,6.4,6.44,50335414,397874848
2013/8/1,6.5,6.6,6.45,6.57,58959381,469433184
2013/8/2,6.64,6.7,6.55,6.56,57767151,463891776
2013/8/5,6.56,6.65,6.53,6.64,53056118,425459712
2013/8/6,6.61,6.66,6.56,6.61,82798496,664260288
2013/8/7,6.61,6.72,6.58,6.59,68679917,553785280
2013/8/8,6.59,6.65,6.53,6.57,54611350,436833728
2013/8/9,6.63,6.66,6.54,6.59,55483572,444645248
2013/8/12,6.62,6.9,6.59,6.89,142760853,1171789184
2013/8/13,6.88,7.01,6.85,7,118672580,991814144
2013/8/14,7.02,7.11,6.88,6.89,121903670,1025898624
2013/8/15,6.89,6.95,6.78,6.8,67134769,556547136
2013/8/16,6.75,7.62,6.73,6.89,264712593,2254296064
2013/8/19,6.82,7.08,6.81,7.03,124704778,1044624768
2013/8/20,7,7.36,6.97,7.09,153605678,1314061952
2013/8/21,7.11,7.16,6.95,7.03,65732224,554833024
2013/8/22,6.99,7.2,6.98,7.02,60326480,513025408
2013/8/23,7.12,7.21,6.83,7,117530030,995509248
2013/8/26,7.03,7.36,6.98,7.32,161720147,1399048064
2013/8/27,7.33,7.63,7.28,7.53,224672933,2001682176
2013/8/28,7.46,7.73,7.37,7.58,243574963,2194823936
2013/8/29,7.69,7.79,7.44,7.5,146496955,1320039168
2013/8/30,7.44,7.63,7.34,7.57,129143351,1152526336
2013/9/2,7.69,7.87,7.53,7.55,141236900,1281805056
2013/9/3,7.54,7.7,7.47,7.67,140383661,1269355904
2013/9/4,7.62,7.82,7.61,7.72,142450054,1305299456
2013/9/5,7.77,7.77,7.64,7.71,93544409,852833088
2013/9/6,7.73,8.45,7.7,8.15,301015112,2850092288
2013/9/9,8.86,9.11,8.76,9.11,580189224,6069489664
2013/9/10,9.58,10.07,9.35,9.98,1198024109,13328929792
2013/9/11,9.79,10.05,9.78,9.85,603551016,6834516480
2013/9/12,9.88,10.98,9.74,10.83,1041527543,12498180096
2013/9/13,10.66,10.85,10.31,10.49,661646551,7947104256
2013/9/16,10.58,10.6,9.81,10.07,699493335,8064946176
2013/9/17,9.99,10.06,9.35,9.41,511737943,5694768128
2013/9/18,9.53,9.77,9.41,9.58,400172137,4413153792
2013/9/23,9.63,9.78,9.38,9.76,453630138,4987201024
2013/9/24,9.77,9.78,9.15,9.39,476900620,5154101248
2013/9/25,9.32,9.76,9.27,9.36,384146137,4206311424
2013/9/26,9.33,9.34,8.65,8.75,448493838,4639913984
2013/9/27,8.69,8.91,8.63,8.82,243782409,2485876736
2013/9/30,8.92,8.95,8.6,8.67,256510906,2609512448
2013/10/8,8.61,8.91,8.46,8.81,258444174,2618477312
2013/10/9,8.68,9.04,8.65,8.85,244015218,2503190528
2013/10/10,8.88,8.93,8.51,8.56,249225016,2508886016
2013/10/11,8.68,9.23,8.58,9.13,441961264,4582589952
2013/10/14,9.03,9.08,8.83,8.87,274009307,2834786560
2013/10/15,8.88,8.93,8.6,8.69,212323978,2155489536
2013/10/16,8.67,8.67,8.4,8.49,217322904,2160308480
2013/10/17,8.59,8.65,8.39,8.4,145253461,1440499456
2013/10/18,8.4,8.64,8.38,8.46,129849775,1290361088
2013/10/21,8.53,8.74,8.38,8.7,211850917,2123854848
2013/10/22,8.69,8.69,8.44,8.51,156011435,1554175488
2013/10/23,8.53,8.93,8.49,8.6,260513178,2639944192
2013/10/24,8.54,8.74,8.4,8.56,170003394,1700451840
2013/10/25,8.59,8.84,8.57,8.65,256524257,2593128960
2013/10/28,8.66,8.8,8.5,8.73,164098118,1650688512
2013/10/29,8.8,9.27,8.76,9.06,494214050,5150564352
2013/10/30,9.06,9.2,8.89,9.17,301165849,3162162432
2013/10/31,9.16,9.18,8.89,8.91,211637554,2206625536
2013/11/1,8.9,9.11,8.81,9,164057262,1704932224
2013/11/4,9.06,9.12,8.84,8.88,138786390,1438550528
2013/11/5,8.8,8.83,8.62,8.78,172536527,1747250944
2013/11/6,8.65,8.78,8.58,8.61,151026564,1522867072
2013/11/7,8.66,8.77,8.55,8.63,114983822,1158380416
2013/11/8,8.6,8.68,8.51,8.56,110388788,1104891648
2013/11/11,8.57,8.6,8.48,8.55,79759246,793983232
2013/11/12,8.59,8.77,8.58,8.7,119655182,1209294464
2013/11/13,8.62,8.63,8.21,8.22,208714474,2049839104
2013/11/14,8.18,8.26,7.97,8.07,169111025,1601513600
2013/11/15,8.07,8.43,8.06,8.26,180564555,1753424256
2013/11/18,8.33,8.69,8.24,8.68,231275931,2289353984
2013/11/19,8.68,8.68,8.53,8.55,128516630,1286050560
2013/11/20,8.59,8.76,8.55,8.63,125986570,1265362944
2013/11/21,8.58,8.66,8.36,8.65,172340745,1708643968
2013/11/22,8.63,8.69,8.56,8.64,131116961,1317526656
2013/11/25,8.57,8.69,8.5,8.51,96767050,967272320
2013/11/26,8.48,8.61,8.46,8.48,72857686,724350720
2013/11/27,8.45,8.66,8.34,8.51,134357122,1332415744
2013/11/28,8.53,8.64,8.48,8.54,121839005,1217508480
2013/11/29,8.64,8.7,8.54,8.57,112491968,1128740864
2013/12/2,8.68,8.92,8.57,8.9,408952609,4162905344
2013/12/3,8.85,8.92,8.72,8.84,178953713,1832350208
2013/12/4,8.82,9.15,8.78,8.98,283303320,2951386624
2013/12/5,8.98,9.02,8.86,8.93,150565456,1557557504
2013/12/6,8.92,8.92,8.71,8.8,157734044,1611228672
2013/12/9,8.79,8.83,8.66,8.69,111336390,1127426944
2013/12/10,8.7,8.79,8.66,8.72,89476538,907205504
2013/12/11,8.69,8.71,8.49,8.51,127176728,1268123904
2013/12/12,8.49,8.54,8.45,8.46,89839025,889730880
2013/12/13,8.42,8.43,8.35,8.41,98124624,963431296
2013/12/16,8.43,8.55,8.3,8.32,119802106,1177159808
2013/12/17,8.34,8.35,8.24,8.27,78126226,758108096
2013/12/18,8.29,8.38,8.26,8.29,55191766,536799936
2013/12/19,8.33,8.36,8.18,8.19,71003510,687152704
2013/12/20,8.21,8.22,7.92,7.94,107593841,1018130496
2013/12/23,7.99,8.06,7.89,7.92,63014853,590896768
2013/12/24,7.95,7.99,7.83,7.92,71802936,671259968
2013/12/25,7.91,7.93,7.73,7.85,89003265,821820544
2013/12/26,7.84,7.85,7.64,7.67,82518650,753839552
2013/12/27,7.67,7.9,7.66,7.82,88052311,811334784
2013/12/30,7.88,7.9,7.77,7.78,70408751,650877056
2013/12/31,7.79,8.11,7.75,8.01,107237045,1006340928
2014/1/2,8.02,8.03,7.87,7.91,69821037,652410752
2014/1/3,7.86,7.88,7.66,7.72,88351969,807094464
2014/1/6,7.89,7.92,7.71,7.77,117267700,1079925504
2014/1/7,7.75,7.79,7.59,7.72,72150947,657895488
2014/1/8,7.72,7.9,7.69,7.78,78603481,724415936
2014/1/9,7.78,8.02,7.74,7.87,109976763,1025797632
2014/1/10,7.86,8.03,7.82,7.99,93379978,875061952
2014/1/13,8.02,8.05,7.91,7.97,65935363,618500160
2014/1/14,7.98,8.01,7.83,7.98,79710266,744481152
2014/1/15,7.97,7.98,7.74,7.81,77606643,717369984
2014/1/16,7.8,7.84,7.75,7.76,67204743,618488768
2014/1/17,7.75,7.75,7.65,7.7,66047496,601804096
2014/1/20,7.68,7.71,7.62,7.65,42094792,382309888
2014/1/21,7.68,7.84,7.67,7.74,47596032,436604864
2014/1/22,7.76,7.96,7.75,7.92,91387277,849733120
2014/1/23,7.89,7.92,7.79,7.8,63055407,583623040
2014/1/24,7.75,7.9,7.72,7.81,70757205,653717696
2014/1/27,7.77,7.78,7.68,7.7,69858649,637844224
2014/1/28,7.7,7.87,7.7,7.77,57333618,527187520
2014/1/29,7.82,7.89,7.78,7.87,71042825,659122816
2014/1/30,7.85,7.88,7.73,7.75,52508927,485399520
2014/2/7,7.71,7.76,7.65,7.76,51136921,466080896
2014/2/10,7.76,7.88,7.74,7.87,91573113,848138368
2014/2/11,7.89,8.26,7.8,8.12,212392409,2017636480
2014/2/12,8.08,8.22,8.02,8.08,106449343,1012082688
2014/2/13,8.06,8.42,7.99,8.18,197765140,1901282560
2014/2/14,8.18,8.21,8.09,8.17,80503230,770860224
2014/2/17,8.2,8.24,8.06,8.1,107916285,1029473536
2014/2/18,8.09,8.09,7.81,7.84,131972251,1231564416
2014/2/19,7.83,8.15,7.78,8.07,150729704,1420983552
2014/2/20,8.11,8.31,7.94,7.97,144607391,1379086336
2014/2/21,7.97,8.01,7.8,7.87,82312549,765984704
2014/2/24,7.78,7.79,7.55,7.59,135269196,1223507840
2014/2/25,7.59,7.66,7.39,7.41,112988180,1012070336
2014/2/26,7.39,7.47,7.35,7.43,79811062,704799680
2014/2/27,7.48,7.61,7.39,7.52,112556009,1005356224
2014/2/28,7.48,7.59,7.38,7.49,75427866,671034432
2014/3/3,7.49,7.5,7.39,7.43,81389991,720619840
2014/3/4,7.42,7.49,7.26,7.45,113473857,994582720
2014/3/5,7.44,7.46,7.26,7.28,66776262,585846336
2014/3/6,7.28,7.44,7.2,7.38,105221671,920528192
2014/3/7,7.38,7.49,7.29,7.31,85996638,757643584
2014/3/10,7.25,7.29,7,7.02,100335990,859115776
2014/3/11,7.01,7.11,6.97,7.04,71119520,600753216
2014/3/12,7.05,7.25,6.97,7.14,110468613,942803776
2014/3/13,7.34,7.71,7.26,7.42,198115864,1758751744
2014/3/14,7.36,7.61,7.3,7.57,179769247,1602451072
2014/3/18,7.8,7.81,7.45,7.47,167965350,1523657856
2014/3/19,7.43,7.65,7.34,7.63,93838218,832057152
2014/3/20,7.54,7.78,7.53,7.57,166058733,1510412544
2014/3/21,7.56,8.47,7.55,8.47,577730146,5543459840
2014/3/24,8.47,8.59,8.32,8.38,550938112,5438997504
2014/3/25,8.34,8.44,8.26,8.33,225324449,2201589760
2014/3/26,8.36,8.41,8.09,8.16,188654730,1813592704
2014/3/27,8.11,8.52,8.06,8.27,310183453,3020967424
2014/3/28,8.22,8.5,8.18,8.25,235609623,2299182848
2014/3/31,8.28,8.35,8.15,8.3,117957984,1139701376
2014/4/1,8.24,8.42,8.21,8.31,121142230,1177869440
2014/4/2,8.33,8.62,8.29,8.52,221487036,2188083712
2014/4/3,8.52,8.58,8.22,8.25,202589136,1988726400
2014/4/4,8.2,8.33,8.15,8.31,103710191,1003039488
2014/4/8,8.29,8.89,8.29,8.72,389948091,3925146624
2014/4/9,8.7,8.77,8.61,8.68,166971745,1686236288
2014/4/10,8.72,8.99,8.61,8.81,251774137,2565192704
2014/4/11,8.76,8.9,8.72,8.83,187981794,1923682560
2014/4/14,8.83,8.87,8.67,8.7,133566631,1356868480
2014/4/15,8.65,8.66,8.4,8.43,176166147,1746784896
2014/4/16,8.4,8.55,8.39,8.48,100765541,997304832
2014/4/17,8.51,8.55,8.32,8.34,147878398,1453030912
2014/4/18,8.31,8.39,8.21,8.36,115394462,1120720896
2014/4/21,8.32,8.54,8.26,8.29,131392321,1292829696
2014/4/22,8.26,8.5,8.24,8.48,141231411,1385544320
2014/4/23,8.43,8.58,8.41,8.46,136419564,1352733696
2014/4/24,8.48,8.56,8.43,8.45,82309479,815388800
2014/4/25,8.5,8.64,8.4,8.42,180573527,1794439424
2014/4/28,8.4,8.45,8.23,8.25,123425122,1198580992
2014/4/29,8.25,8.4,8.23,8.38,88443328,859931392
2014/4/30,8.56,8.6,8.34,8.35,142558919,1407065856
2014/5/5,8.35,8.37,8.16,8.32,103509079,1001815680
2014/5/6,8.28,8.38,8.25,8.28,58797626,572224192
2014/5/7,8.27,8.33,8.22,8.24,55972788,542274496
2014/5/8,8.24,8.45,8.22,8.33,95225892,930740672
2014/5/9,8.33,8.4,8.27,8.34,74829332,731563200
2014/5/12,8.43,8.54,8.37,8.51,129589586,1282666112
2014/5/13,8.48,8.52,8.41,8.48,66182545,653997056
2014/5/14,8.47,8.5,8.36,8.39,114355129,1124734336
2014/5/15,8.37,8.41,8.29,8.31,70426925,688077248
2014/5/16,8.28,8.38,8.28,8.33,57142230,556664640
2014/5/19,8.3,8.3,8.05,8.1,137405978,1314192256
2014/5/20,8.14,8.18,8.06,8.13,64057749,610778816
2014/5/21,8.1,8.19,7.99,8.18,54298040,517810688
2014/5/22,8.17,8.31,8.15,8.18,71688611,692799616
2014/5/23,8.19,8.28,8.17,8.28,47057342,454096736
2014/5/26,8.34,8.36,8.27,8.32,54108963,526560768
2014/5/27,8.31,8.32,8.2,8.24,74436155,720820160
2014/5/28,8.24,8.3,8.18,8.26,92478303,892246144
2014/5/29,8.26,8.3,8.18,8.2,75258524,726796800
2014/5/30,8.2,8.21,8.13,8.15,69096841,662738432
2014/6/3,8.17,8.22,8.11,8.12,70641283,677281792
2014/6/4,8.13,8.14,7.98,8.03,86246408,816293696
2014/6/5,8.03,8.21,8.01,8.2,56500335,538639296
2014/6/6,8.18,8.2,8.03,8.09,53426017,509267456
2014/6/9,8.04,8.25,8.04,8.12,58231714,557813056
2014/6/10,8.17,8.23,8.1,8.21,68256823,655798656
2014/6/11,8.17,8.21,8.13,8.17,46334806,444252128
2014/6/12,8.15,8.17,8.1,8.12,42917693,410062048
2014/6/13,8.13,8.36,8.12,8.31,129624894,1256394752
2014/6/16,8.31,8.45,8.27,8.39,118477367,1159724288
2014/6/17,8.41,8.41,8.29,8.31,91317081,892676096
2014/6/18,8.31,8.35,8.29,8.31,66459996,647470912
2014/6/19,8.32,8.39,8.18,8.22,68906460,668029824
2014/6/20,8.22,8.29,8.2,8.28,57665733,557096320
2014/6/23,8.29,8.35,8.21,8.24,86019554,834638528
2014/6/24,8.29,8.33,8.25,8.28,83305537,753572864
2014/6/25,8.29,8.29,8.21,8.22,46797781,421074944
2014/6/26,8.22,8.28,8.22,8.23,43052470,387941152
2014/6/27,8.23,8.26,8.2,8.21,42713239,383829280
2014/6/30,8.22,8.32,8.22,8.29,52645089,476195584
2014/7/1,8.32,8.34,8.25,8.3,42584500,385288800
2014/7/2,8.3,8.33,8.26,8.3,41262790,373724768
2014/7/3,8.3,8.33,8.27,8.31,64553232,585009408
2014/7/4,8.32,8.33,8.29,8.31,47263941,428330848
2014/7/7,8.31,8.32,8.27,8.29,42831405,387738016
2014/7/8,8.29,8.3,8.25,8.29,52592964,475316192
2014/7/9,8.29,8.29,8.15,8.16,75829647,680803712
2014/7/10,8.16,8.19,8.14,8.16,43284795,386256096
2014/7/11,8.16,8.23,8.15,8.18,58461216,523490688
2014/7/14,8.17,8.25,8.14,8.24,50192334,449273952
2014/7/15,8.25,8.26,8.22,8.25,57331618,515793888
2014/7/16,8.25,8.29,8.24,8.26,57758013,521218624
2014/7/17,8.27,8.28,8.21,8.23,43076122,387416768
2014/7/18,8.22,8.29,8.2,8.26,60143570,542519424
2014/7/21,8.25,8.26,8.21,8.22,43394538,390236864
2014/7/22,8.2,8.34,8.2,8.3,101186449,915202944
2014/7/23,8.28,8.38,8.28,8.32,95071892,864070592
2014/7/24,8.33,8.62,8.33,8.56,235007435,2179260160
2014/7/25,8.62,8.68,8.54,8.63,134460946,1259192320
2014/7/28,8.68,9.07,8.68,9,315856664,3067199488
2014/7/29,9.04,9.12,8.96,9.02,203049428,1989649792
2014/7/30,9.13,9.16,8.91,8.95,182728243,1785992192
2014/7/31,8.93,9.05,8.9,9.04,113003643,1098506240
2014/8/1,9.01,9.2,8.98,9,199316283,1966817280
2014/8/4,9.06,9.18,8.97,9.16,167001355,1646470400
2014/8/5,9.16,9.19,9.04,9.11,116942080,1154644352
2014/8/6,9.07,9.07,8.9,8.98,134531042,1309646592
2014/8/7,8.99,9.02,8.79,8.8,141244203,1363312768
2014/8/8,8.8,8.84,8.74,8.78,120982762,1154961152
2014/8/11,8.81,8.97,8.81,8.94,99902317,966146816
2014/8/12,8.93,8.94,8.84,8.88,80856190,779243648
2014/8/13,8.88,8.92,8.77,8.85,97201687,932751424
2014/8/14,8.87,8.92,8.82,8.84,102325664,986409920
2014/8/15,8.87,8.94,8.82,8.92,83507836,806096128
2014/8/18,8.93,9.05,8.91,8.96,96111663,933999552
2014/8/19,9.02,9.02,8.88,8.95,99796164,968114304
2014/8/20,8.95,8.95,8.87,8.88,70135543,677452352
2014/8/21,8.88,8.89,8.67,8.74,118057183,1123688960
2014/8/22,8.74,8.82,8.71,8.78,76885741,733185600
2014/8/25,8.76,8.77,8.66,8.68,90596114,856940032
2014/8/26,8.67,8.74,8.65,8.7,85213616,804802432
2014/8/27,8.69,8.74,8.67,8.69,54628769,516864192
2014/8/28,8.69,8.69,8.6,8.6,70289162,661133056
2014/8/29,8.64,8.72,8.6,8.71,53881605,507394720
2014/9/1,8.73,8.76,8.68,8.73,68578076,650654464
2014/9/2,8.75,8.87,8.7,8.84,128705724,1227884288
2014/9/3,8.87,8.98,8.86,8.92,128588110,1244849664
2014/9/4,8.94,8.96,8.87,8.95,98919202,956753792
2014/9/5,8.97,9.02,8.93,8.98,126925907,1234562048
2014/9/9,8.99,9.06,8.92,8.94,123866063,1205605760
2014/9/10,8.89,8.9,8.81,8.83,111659515,1073076800
2014/9/11,8.84,8.97,8.81,8.84,119763193,1152957952
2014/9/12,8.85,8.85,8.77,8.84,80296496,768304384
2014/9/15,8.8,8.88,8.75,8.84,99444466,950656320
2014/9/16,8.89,9,8.83,8.86,222751521,2154511872
2014/9/17,8.87,8.9,8.77,8.81,116577448,1116528128
2014/9/18,8.8,8.99,8.77,8.97,218993865,2119148544
2014/9/19,8.96,9.15,8.94,9.09,286004782,2816151296
2014/9/22,9.07,9.07,8.85,8.85,155546883,1505934080
2014/9/23,8.85,8.93,8.84,8.87,88224150,850252160
2014/9/24,8.85,9.03,8.83,9,152637326,1480725888
2014/9/25,9.03,9.07,8.92,8.95,137216320,1340440576
2014/9/26,8.93,8.98,8.88,8.96,80598327,781818048
2014/9/29,8.99,9.05,8.96,9,121763013,1188241024
2014/9/30,9.02,9.04,8.94,8.99,105093276,1023862464
2014/10/8,9.02,9.09,8.97,9.08,142724444,1398725120
2014/10/9,9.09,9.18,9.05,9.09,130968217,1293022464
2014/10/10,9.04,9.15,9.01,9.07,133030186,1308626432
2014/10/13,9.03,9.07,8.92,8.97,109831220,1069089792
2014/10/14,8.96,9.06,8.93,8.96,84002904,818017664
2014/10/15,8.96,9.09,8.88,9.03,133922265,1304901632
2014/10/16,8.98,9.28,8.94,9.13,296366859,2936900096
2014/10/17,9.12,9.24,8.99,9.09,161019857,1588282368
2014/10/20,9.17,9.19,9.06,9.14,114718758,1133473920
2014/10/21,9.13,9.15,9,9.02,105290636,1034461888
2014/10/22,9.03,9.12,8.99,9.02,91092137,893481664
2014/10/23,9.02,9.12,8.96,8.99,118416324,1159897472
2014/10/24,9.01,9.03,8.9,8.92,108312657,1054022656
2014/10/27,8.86,8.87,8.64,8.71,138929487,1323460352
2014/10/28,8.74,8.85,8.74,8.83,101044054,965189376
2014/10/29,8.85,8.99,8.81,8.94,161050635,1555123968
2014/10/30,8.96,9.09,8.89,9.05,176780522,1722710656
2014/10/31,9.12,9.62,9.09,9.44,491064711,4953082880
2014/11/3,9.49,9.52,9.34,9.4,248371619,2525984256
2014/11/4,9.44,9.44,9.26,9.31,163212641,1645394560
2014/11/5,9.32,9.35,9.2,9.23,157561422,1578932480
2014/11/6,9.25,9.28,9.19,9.27,101863094,1018619328
2014/11/7,9.25,9.63,9.22,9.42,407114119,4155058176
2014/11/10,9.77,10.05,9.66,9.79,489376864,5168943616
2014/11/11,9.86,10.5,9.86,10.16,653738973,7163875328
2014/11/12,10.09,10.31,9.98,10.29,271038574,2961655296
2014/11/13,10.34,10.62,10.1,10.18,371263986,4115769344
2014/11/14,10.12,10.22,9.99,10.14,198414346,2154897408
2014/11/17,10.18,10.32,9.97,9.99,214519835,2329015808
2014/11/18,9.99,10.04,9.67,9.69,254900899,2687326976
2014/11/19,9.67,9.78,9.63,9.71,145326646,1518565376
2014/11/20,9.69,9.9,9.61,9.81,162402495,1709647488
2014/11/21,9.82,10.06,9.7,10.03,209997641,2234174976
2014/11/24,9.81,10.23,9.69,10.1,474049927,5090821632
2014/11/25,10.05,10.33,9.99,10.32,289490093,3159162368
2014/11/26,10.49,10.67,10.34,10.56,452263345,5092828672
2014/11/27,10.72,10.96,10.52,10.72,439738276,5062406656
2014/11/28,10.77,11.72,10.72,11.64,832183256,9950390272
2014/12/1,11.69,12.22,11.36,11.4,607270363,7590567424
2014/12/2,11.27,12.32,11.27,12.11,589371031,7404591104
2014/12/3,12.08,12.53,11.56,11.82,730561448,9380076544
2014/12/4,11.82,12.54,11.61,12.51,720041669,9307945984
2014/12/5,12.66,13.24,12.14,12.77,859647616,11553890304
2014/12/8,12.63,13.28,12.44,13.05,703922500,9622363136
2014/12/9,12.8,13.4,11.7,11.89,869193775,11788051456
2014/12/10,11.94,12.49,11.45,12.4,620272395,7901267968
2014/12/11,12.2,12.79,12.09,12.29,442571181,5847503360
2014/12/12,12.29,12.62,12.02,12.22,310558743,4067040256
2014/12/15,12.04,12.06,11.7,12,335025414,4232421888
2014/12/16,11.94,12.54,11.89,12.53,438688005,5706439680
2014/12/17,12.73,13.63,12.57,13.35,869703585,12037657600
2014/12/18,13.46,13.58,12.95,13.13,499627853,7010663936
2014/12/19,13.2,13.44,12.87,13.33,436244208,6099396096
2014/12/22,13.42,14.44,13.38,13.92,683449513,10043569152
2014/12/23,13.64,14.22,13.32,13.35,441578783,6398625280
2014/12/24,13.35,13.44,12.55,12.7,417579539,5715187712
2014/12/25,12.99,13.51,12.77,13.49,455721907,6359588352
2014/12/26,13.54,14.08,13.43,14.01,466983121,6790353408
2014/12/29,14.64,15.12,13.95,14.19,625216146,9556435968
2014/12/30,14.19,14.74,14.07,14.6,443655559,6774519296
2014/12/31,14.69,15.03,14.35,14.93,468832339,7271524864
2015/1/5,15.12,15.49,14.8,15.31,513568709,8182820864
2015/1/6,15.24,15.92,15.06,15.37,511684535,8311085056
2015/1/7,15.14,15.41,14.77,15.05,385716820,6114241024
2015/1/8,15.11,15.12,14.44,14.49,330627172,5101310464
2015/1/9,14.44,15.49,14.35,14.67,491999937,7692348416
2015/1/12,14.74,14.95,14.19,14.46,367787269,5625726976
2015/1/13,14.37,14.65,14.34,14.42,178404956,2712026624
2015/1/14,14.55,15.03,14.55,14.73,309018855,4812472320
2015/1/15,14.73,15.39,14.63,15.36,329826849,5216166912
2015/1/16,15.48,15.99,15.4,15.71,480245887,7938758144
2015/1/19,14.62,14.97,14.06,14.06,623520880,9496942592
2015/1/20,14.12,14.41,13.82,14.24,479215741,7142638592
2015/1/21,14.34,15.11,14.05,14.98,487540369,7489943040
2015/1/22,14.97,15,14.59,14.87,294738261,4592023040
2015/1/23,14.98,15.28,14.78,14.87,320042992,5044685824
2015/1/26,14.8,14.83,14.37,14.67,268566922,4122351616
2015/1/27,14.68,14.68,13.99,14.25,351914010,5286301696
2015/1/28,14.06,14.35,13.9,14.05,242203054,3592645120
2015/1/29,13.82,13.92,13.56,13.66,266968083,3864614144
2015/1/30,13.82,13.93,13.6,13.71,207865327,3021747712
2015/2/2,13.3,13.5,13.23,13.28,211617677,2989272576
2015/2/3,13.45,13.7,13.26,13.69,196263569,2792706816
2015/2/4,13.74,13.83,13.36,13.42,167896219,2421384704
2015/2/5,13.99,14.04,13.41,13.42,394332692,5742890496
2015/2/6,13.33,13.56,13.19,13.33,186547522,2637144064
2015/2/9,13.3,13.51,13.09,13.4,224585511,3155932160
2015/2/10,13.39,13.72,13.32,13.67,183693513,2629916416
2015/2/11,13.67,13.78,13.55,13.66,124127097,1789572992
2015/2/12,13.66,13.67,13.35,13.59,148954152,2121808256
2015/2/13,13.74,13.91,13.59,13.67,208366810,3023274240
2015/2/16,13.67,13.7,13.5,13.64,139220024,1995677440
2015/2/17,13.66,13.82,13.65,13.71,120665263,1747213056
2015/2/25,13.72,13.74,13.42,13.52,140932583,2025174400
2015/2/26,13.49,13.92,13.35,13.86,215013978,3104052224
2015/2/27,13.84,14.04,13.72,13.77,195606870,2861206528
2015/3/2,13.82,13.82,13.6,13.72,218763276,3159377664
2015/3/3,13.68,13.68,13.22,13.24,266372415,3766071296
2015/3/4,13.29,13.31,13.09,13.15,156595995,2183814656
2015/3/5,13.08,13.08,12.75,12.82,226504580,3090569728
2015/3/6,12.82,13.02,12.78,12.87,128036367,1750570368
2015/3/9,13.05,13.94,12.85,13.75,434801476,6170955264
2015/3/10,13.56,13.61,13.31,13.34,254844764,3623305472
2015/3/11,13.41,13.8,13.41,13.49,215069722,3087509504
2015/3/12,13.89,14.8,13.82,14.36,632781877,9512030208
2015/3/13,14.43,15.04,14.32,14.53,440178379,6789040640
2015/3/16,14.8,14.85,14.44,14.71,316116667,4867224576
2015/3/17,14.84,14.92,14.6,14.78,309677645,4797833728
2015/3/18,14.81,15.12,14.67,15.12,354655138,5558613504
2015/3/19,15.12,15.13,14.82,14.88,316770912,4978776064
2015/3/20,14.86,15.33,14.61,14.99,456531222,7180731392
2015/3/23,15.06,15.28,15.01,15.15,357592740,5692416000
2015/3/24,15.13,15.24,14.84,14.93,324657542,5114146816
2015/3/25,14.84,14.96,14.39,14.48,331730332,5108990976
2015/3/26,14.39,14.82,14.28,14.6,282340713,4326755840
2015/3/27,14.56,14.79,14.41,14.6,218174978,3350088448
2015/3/30,14.79,15.44,14.68,15.26,487442660,7735007744
2015/3/31,15.72,15.82,14.98,15.03,494049254,7990395392
2015/4/1,15.03,15.38,14.99,15.19,305878383,4868332032
2015/4/2,15.54,15.62,15.11,15.42,410087652,6611462144
2015/4/3,15.24,15.53,15.17,15.44,320361507,5171218944
2015/4/7,15.74,16.11,15.69,15.95,502260203,8372655104
2015/4/8,15.97,16.28,15.69,16.26,514816375,8633478144
2015/4/9,16.29,16.72,16.04,16.11,497335458,8497436160
2015/4/10,16.1,16.81,16,16.77,451543445,7772119552
2015/4/13,17.23,17.72,16.86,17.27,581406595,10470524928
2015/4/14,17.27,17.28,16.8,17.13,372837061,6640484864
2015/4/15,17.04,17.69,16.95,17.2,449643905,8170773504
2015/4/16,17.21,17.91,17.09,17.89,415984573,7577393152
2015/4/17,18.19,18.29,17.71,17.84,490159321,9167363072
2015/4/20,17.96,17.96,16.84,17.14,572435809,10446728192
2015/4/21,16.99,17.43,16.99,17.4,368194681,6615540736
2015/4/22,17.54,17.79,17.32,17.74,420766743,7712130560
2015/4/23,17.74,17.88,17.35,17.46,363593631,6675542016
2015/4/24,17.04,17.27,16.7,16.92,422927109,7509013504
2015/4/27,16.96,17.49,16.96,17.41,384541412,6942247936
2015/4/28,17.48,18.24,17.24,17.54,600053990,11100684288
2015/4/29,17.51,17.9,17.3,17.77,358393731,6591915008
2015/4/30,17.52,17.7,17.29,17.31,412760522,7523663360
2015/5/4,17.24,17.24,16.84,17.05,258064565,4597699072
2015/5/5,16.97,16.99,16.09,16.32,375386437,6483575808
2015/5/6,16.32,16.75,16.21,16.3,303607877,5225100288
2015/5/7,16.27,16.52,16.22,16.31,214390703,3674226176
2015/5/8,16.43,16.54,16.06,16.35,184560000,3151167744
2015/5/11,16.22,16.55,16.03,16.51,277153427,4711900672
2015/5/12,16.49,16.64,16.28,16.48,219176341,3768388864
2015/5/13,16.57,16.63,16.14,16.31,245244498,4198950144
2015/5/14,16.34,16.49,16.18,16.23,192361949,3283133184
2015/5/15,16.15,16.31,15.83,16.02,209597267,3526291456
2015/5/18,15.86,16,15.58,15.62,187555204,3106379520
2015/5/19,15.61,16.33,15.59,16.28,242251271,4080429312
2015/5/20,16.28,16.73,16.21,16.39,265675717,4567803904
2015/5/21,16.49,16.64,16.34,16.56,166403483,2873100288
2015/5/22,16.7,17.03,16.58,17,248087543,4379120128
2015/5/25,17.09,17.42,17.08,17.38,273874763,4942206976
2015/5/26,17.46,17.69,17.15,17.63,301665297,5504873472
2015/5/27,17.68,17.89,17.29,17.31,296942307,5444651008
2015/5/28,17.34,17.38,16.25,16.28,334032210,5908534784
2015/5/29,16.32,16.59,15.95,16.28,256087315,4370819072
2015/6/1,16.28,17.32,16.1,17.17,286379255,5015007232
2015/6/2,17.17,17.21,16.74,17.08,224935535,4001574400
2015/6/3,17.13,17.29,16.78,17.14,244139688,4338757632
2015/6/4,17.24,18.04,16.82,17.87,471864928,8635099136
2015/6/5,18.24,18.41,17.26,17.67,362420155,6742854144
2015/6/17,17.73,18.22,17.19,17.44,513118652,9419105280
2015/6/18,17.33,17.49,16.88,16.96,278296731,4980064768
2015/6/19,16.82,17.19,16.08,16.31,278090221,4894778880
2015/6/23,16.45,17.09,16.24,17.02,297748888,4966949376
2015/6/24,17.03,17.3,16.58,17.25,257825317,4364353024
2015/6/25,17.6,17.74,16.65,16.71,271649032,4704733184
2015/6/26,16.43,17.08,15.33,15.85,361776730,5893832704
2015/6/29,16.3,16.53,14.81,15.91,420675691,6723070976
2015/6/30,15.93,16.98,15.91,16.96,375411270,6204981760
2015/7/1,16.81,16.93,16.2,16.32,250555997,4180149248
2015/7/2,16.5,16.83,15.81,16.37,322264859,5297602560
2015/7/3,16.39,16.64,15.1,15.87,312701072,5041249792
2015/7/6,17.4,17.46,16.63,17.22,659421895,11195523072
2015/7/7,16.94,17.82,16.46,17.57,713763502,12379047936
2015/7/8,16.2,17.5,15.81,15.95,837950419,13833635840
2015/7/9,15.95,17.4,15.38,16.95,545237273,8927542272
2015/7/10,16.76,18.15,16.65,17.28,647768569,11376343040
2015/7/13,16.99,17.48,16.81,17.04,372594650,6364720128
2015/7/14,16.78,16.98,16.36,16.75,305725800,5111292928
2015/7/15,16.7,17.13,16.51,17.07,348253550,5845359104
2015/7/16,17.07,17.12,16.71,16.96,181402598,3069471232
2015/7/17,17.03,17.19,16.88,17.02,195927578,3336786176
2015/7/20,17,17.03,16.65,16.68,172918155,2908824576
2015/7/21,16.58,16.72,16.3,16.38,156268261,2572676352
2015/7/22,16.33,16.38,16.15,16.16,120352700,1956978816
2015/7/23,16.24,16.51,16.18,16.43,114525468,1878869120
2015/7/24,16.43,16.49,16.13,16.14,123609179,2016987520
2015/7/27,16,16.1,14.84,14.91,225091581,3515372544
2015/7/28,14.68,15.4,14.62,15.24,246095094,3717225984
2015/7/29,15.22,15.3,15.12,15.29,135858697,2063868160
2015/7/30,15.29,15.36,14.88,14.9,118921723,1807407744
2015/7/31,14.97,15.16,14.65,15.07,234941266,3516273920
2015/8/3,14.99,15.6,14.86,15.55,212367132,3246435584
2015/8/4,15.48,15.67,15.38,15.62,85154364,1320993024
2015/8/5,15.6,15.64,15.27,15.31,58185882,899150912
2015/8/6,15.16,15.57,15.14,15.38,65377995,1007550208
2015/8/7,15.58,15.64,15.39,15.47,65302258,1014250624
2015/8/10,15.45,15.86,15.35,15.78,116938205,1823777024
2015/8/11,15.7,15.75,15.51,15.57,105104123,1642256896
2015/8/12,15.4,15.6,15.38,15.39,79184358,1225370368
2015/8/13,15.47,15.56,15.29,15.45,74034209,1141661440
2015/8/14,15.47,15.54,15.37,15.49,66356010,1025758720
2015/8/17,15.41,15.41,15.22,15.32,120892083,1851641728
2015/8/18,15.35,15.52,14.83,14.87,198445221,3032249600
2015/8/19,14.87,15.17,14.5,15,199062097,2952584704
2015/8/20,14.94,14.99,14.66,14.68,88124782,1309322496
2015/8/21,14.61,14.74,14.2,14.22,123792817,1794884608
2015/8/24,13.93,13.95,12.8,12.87,334859429,4407389696
2015/8/25,12.54,13.08,11.91,12.39,289470686,3659079680
2015/8/26,12.65,13.35,12.4,13.02,235214588,3028238592
2015/8/27,13.16,14.09,12.98,13.98,212008806,2835655168
2015/8/28,14.1,14.32,13.85,14.24,208950955,2942159360
2015/8/31,14.2,14.98,13.96,14.96,202628515,2902670592
2015/9/1,14.66,15.34,14.41,15.33,304904688,4572547072
2015/9/2,14.9,15.37,14.72,14.89,255045273,3831534848
2015/9/7,14.73,15.01,14.16,14.5,287948628,4206785536
2015/9/8,14.52,15.16,14.22,15.06,330814193,4893450752
2015/9/9,14.91,15.27,14.91,15.16,241917533,3653652224
2015/9/10,15.06,15.27,14.96,15.25,205749026,3113081088
2015/9/11,15.35,15.66,15.3,15.56,288708558,4469128192
2015/9/14,15.5,15.95,14.93,15.93,183936607,2836987904
2015/9/15,15.53,15.55,15.24,15.46,107602458,1658227584
2015/9/16,15.31,15.8,15.03,15.43,74128982,1135218688
2015/9/17,15.34,15.46,15.1,15.11,50848655,778452736
2015/9/18,15.16,15.29,15.02,15.03,40899248,619915776
2015/9/21,14.96,15.08,14.84,14.97,40488316,604841984
2015/9/22,14.97,15.23,14.97,15.05,38673835,584644928
2015/9/23,14.91,15,14.68,14.95,54580634,810914240
2015/9/24,14.95,15.3,14.87,15.27,78862572,1192962816
2015/9/25,15.15,15.62,15.15,15.59,136070895,2096781824
2015/9/28,15.55,15.96,15.42,15.92,91425816,1436492544
2015/9/29,15.79,15.99,15.67,15.97,114190253,1807681536
2015/9/30,15.95,16.65,15.9,16.63,211038123,3452096768
2015/10/8,16.8,16.8,15.83,15.87,140057148,2277284608
2015/10/9,15.97,16.15,15.85,15.9,41525835,663144768
2015/10/12,15.9,16.25,15.73,16.06,93633300,1497165824
2015/10/13,15.98,16.11,15.85,15.97,54698799,873290880
2015/10/14,15.81,16.09,15.81,15.9,44297812,706211840
2015/10/26,16.03,16.57,16.03,16.28,101041055,1648964992
2015/10/27,16.23,16.45,16.15,16.32,74933996,1223267200
2015/10/28,16.26,16.54,16.09,16.31,74226285,1217460736
2015/10/29,16.3,16.63,16.23,16.59,75760565,1251114496
2015/10/30,16.5,16.68,16.38,16.39,45465414,750144832
2015/11/2,16.3,16.52,16.22,16.41,38122791,625014464
2015/11/3,16.4,16.77,16.37,16.46,60485065,1005503936
2015/11/4,16.43,16.92,16.43,16.84,65053992,1086409856
2015/11/5,16.85,18.07,16.75,17.71,231799691,4077390336
2015/11/6,17.52,18.18,17.51,17.88,127594225,2277276160
2015/11/9,17.92,19.19,17.88,18.15,157820058,2925510400
2015/11/10,18,18.69,17.82,18.37,140427138,2575229696
2015/11/11,18.41,18.49,17.5,17.73,92130221,1643831040
2015/11/12,17.8,17.83,17.15,17.36,77790159,1353612928
2015/11/13,17.2,17.6,17.15,17.58,73433156,1283306240
2015/11/16,17.34,17.58,17.2,17.42,45144666,785563840
2015/11/17,17.46,17.81,17.42,17.44,63539278,1119712512
2015/11/18,17.47,17.68,17.24,17.39,57584578,1003785408
2015/11/19,17.3,17.99,17.3,17.9,102543449,1821483136
2015/11/20,17.81,18.63,17.78,18.47,148206210,2733449216
2015/11/23,18.51,19.13,18.44,19.06,171203791,3235638528
2015/11/24,18.9,19.12,18.59,19.05,129389144,2437634560
2015/11/25,18.9,19.68,18.44,19.67,326524776,6295983616
2015/11/26,19.5,19.7,19.2,19.37,214944239,4187889920
2015/11/27,19.16,19.42,18.4,18.53,105608733,1999981184
2015/11/30,18.44,18.81,17.6,18.65,97633827,1779188224
2015/12/1,18.35,19,18.08,18.66,63430576,1179526400
2015/12/2,18.51,20,18.48,19.85,153608076,2972239104
2015/12/3,19.7,19.77,19.22,19.25,110346329,2147607040
2015/12/4,19.27,19.27,18.69,18.71,70275848,1331588224
2015/12/7,18.71,19.5,18.71,19.45,83346816,1592198400
2015/12/8,19.28,20.12,18.81,20.1,239884949,4764109312
2015/12/9,19.58,19.58,19.11,19.23,92049465,1776578432
2015/12/10,19.34,19.88,19.11,19.27,57091310,1108934528
2015/12/11,19.01,19.22,18.43,18.6,87066826,1630390272
2015/12/14,18.31,18.63,18.03,18.45,70736958,1290712960
2015/12/15,18.44,18.82,18.17,18.31,51685772,950672896
2015/12/16,18.36,18.45,18.11,18.18,38700640,705621184
2015/12/17,18.26,18.61,18.2,18.49,53304071,983362560
2015/12/18,18.49,19.8,18.43,18.81,92211924,1753311872
2015/12/21,18.79,19.4,18.54,19.14,82490082,1567681280
2015/12/22,19.01,19.29,18.77,18.9,53122744,1006796480
2015/12/23,18.91,19.13,18.61,18.88,66128171,1249610496
2015/12/24,18.85,19.14,18.67,19.04,57171554,1083459072
2015/12/25,19.02,19.48,18.93,19.32,55427897,1069153856
2015/12/28,19.37,19.43,18.62,18.7,49980698,945164672
2015/12/29,18.63,18.92,18.39,18.74,47288465,883333888
2015/12/30,18.71,18.78,18.31,18.57,35687385,660326976
2015/12/31,18.52,18.52,18.26,18.27,27936138,513758880
2016/1/4,18.28,18.28,17.55,17.8,42240610,754425792
2016/1/5,17.51,18.06,17.4,17.96,58054793,1034181504
2016/1/6,17.9,18.14,17.69,18.1,46772653,838667392
2016/1/7,17.8,17.9,17.4,17.51,11350479,199502704
2016/1/8,17.74,17.88,16.91,17.49,71918296,1262105088
2016/1/11,17.21,17.45,16.96,17.05,90177135,1550155904
2016/1/12,17.17,17.52,17.08,17.45,55374454,964061504
2016/1/13,17.57,17.9,17.35,17.39,47869312,843717376
2016/1/14,17,17.99,16.89,17.92,54838833,966117824
2016/1/15,17.8,18.15,17.52,17.58,46723139,836146432
2016/1/18,17.43,17.99,17.32,17.68,32729006,583291584
2016/1/19,17.78,17.88,17.5,17.77,29807159,527753184
2016/1/20,17.61,17.7,17.08,17.25,35968636,623546944
2016/1/21,17.22,17.46,16.5,16.58,34197115,582845504
2016/1/22,16.84,17.11,16.49,17.02,42007318,708179264
2016/1/25,17,17.17,16.72,17.03,23558971,400445056
2016/1/26,16.96,17.14,16.4,16.66,38279766,643611776
2016/1/27,16.75,16.98,16.51,16.68,44291307,742640768
2016/1/28,16.76,16.82,15.88,16.58,38902180,643984192
2016/1/29,16.52,17.05,16.41,16.9,47429000,799493376
2016/2/1,16.99,17,16.41,16.5,29139596,485275136
2016/2/2,16.5,16.94,16.46,16.76,25380981,425396896
2016/2/3,16.6,16.66,16.45,16.61,27779183,459255616
2016/2/4,16.84,17.32,16.63,17.3,47162860,799283776
2016/2/5,17.24,18.39,17.15,18.38,78413454,1401156096
2016/2/15,17.98,18.48,17.8,18.45,67296317,1221398400
2016/3/11,17.51,17.53,16.61,16.97,98240322,1657158656
2016/3/14,16.88,17.47,16.82,16.86,56922239,973317376
2016/3/15,16.95,17.19,16.81,17.02,37540932,638223040
2016/3/16,16.92,18.07,16.91,18.03,108404378,1924212608
2016/3/17,17.81,18.19,17.45,17.7,68635812,1219236352
2016/3/18,17.79,18,17.65,17.84,55987968,996332608
2016/3/21,17.78,18.25,17.78,18.06,42001532,756966784
2016/3/22,18.09,18.63,18.02,18.15,43760811,800814912
2016/3/23,18.16,18.35,18.06,18.13,27830795,506023200
2016/3/24,18.11,18.11,17.68,17.72,27448272,488313664
2016/3/25,17.72,17.87,17.68,17.74,13619185,241971872
2016/3/28,17.78,18,17.37,17.45,24521696,433449216
2016/3/29,17.53,17.66,17.37,17.45,19151152,335806208
2016/3/30,17.65,17.95,17.65,17.87,35562148,634175232
2016/3/31,17.98,18.08,17.72,17.93,23762112,425380416
2016/4/1,17.98,18.25,17.61,18.18,35790541,643979456
2016/4/5,17.94,18.29,17.76,18.17,42622297,768010112
2016/4/6,18.03,18.14,17.87,17.96,23428724,421234848
2016/4/7,17.95,18,17.63,17.69,29047713,516129856
2016/4/8,17.56,17.76,17.53,17.6,17132244,301704512
2016/4/11,17.6,17.82,17.55,17.67,24117635,426862400
2016/4/12,17.69,17.7,17.53,17.62,14100759,248002288
2016/4/13,17.73,17.99,17.69,17.74,35189716,627667712
2016/4/14,17.9,18.01,17.75,17.8,15796208,281977248
2016/4/15,17.95,18.06,17.8,17.89,34773526,623836224
2016/4/18,17.75,18.03,17.66,17.81,28084133,501790688
2016/4/19,17.95,17.98,17.78,17.9,27246371,487095904
2016/4/20,17.89,17.99,17.31,17.96,46614611,825437824
2016/4/21,17.82,18.35,17.75,18.12,48212915,872382592
2016/4/22,18,18.36,17.94,18.24,28178162,513194656
2016/4/25,18.15,18.16,17.82,17.88,24294360,435467872
2016/4/26,17.87,18.08,17.75,17.92,15739400,281501376
2016/4/27,17.97,17.97,17.8,17.86,13838875,247622912
2016/4/28,17.93,18.1,17.83,17.9,15728417,282201344
2016/4/29,17.83,17.94,17.75,17.83,23065933,412460992
2016/5/3,17.95,18.24,17.83,18.12,27776723,501830144
2016/5/4,18.06,18.23,18.02,18.08,23118959,418592992
2016/5/5,18.06,18.12,17.98,18.06,14936632,269576064
2016/5/6,18.07,18.1,17.71,17.73,23406763,418454816
2016/5/9,17.71,17.8,17.4,17.51,21947591,386423424
2016/5/10,17.38,17.56,17.38,17.48,16846648,294675488
2016/5/11,17.55,17.57,17.4,17.45,11941164,208655792
2016/5/12,17.43,17.5,17.2,17.41,14668954,254410736
2016/5/13,17.37,17.46,17.22,17.24,11013829,190929408
2016/5/16,17.23,17.35,17.21,17.29,11045624,190872656
2016/5/17,17.29,17.34,17.16,17.25,9765153,168387280
2016/5/18,17.25,17.62,17.02,17.56,30962453,536935488
2016/5/19,17.44,17.49,17.33,17.35,10380826,180686336
2016/5/20,17.31,17.5,17.27,17.45,11140621,194223008
2016/5/23,17.5,17.68,17.44,17.55,14080659,247441296
2016/5/24,17.48,17.6,17.43,17.55,10725938,187905440
2016/5/25,17.68,17.73,17.6,17.67,13766238,243549456
2016/5/26,17.65,17.86,17.65,17.7,11065062,196266944
2016/5/27,17.69,17.77,17.63,17.74,11621242,205801168
2016/5/30,17.84,17.97,17.68,17.95,17538184,313324800
2016/5/31,17.93,18.4,17.92,18.29,35631526,650177344
2016/6/1,18.3,18.35,18.13,18.19,18312424,333790688
2016/6/2,18.2,18.3,17.93,18.02,17786525,321768768