sample,pred
JS08532,426177001
JS42711,427084000
JS14674,164890007
JS08837,426783006
JS13472,164890007
JS01308,426177001
JS20032,426177001
JS05303,426177001
JS37621,426783006
JS30805,426177001
JS04833,426177001
JS30776,426177001
JS03444,427084000
JS12649,164890007
JS39114,426783006
JS15398,164890007
JS40427,426783006
JS34734,426783006
JS10459,426761007
JS32238,426177001
JS18369,164890007
JS17090,164890007
JS15171,164890007
JS07778,164890007
JS16230,164890007
JS43894,427084000
JS16621,164890007
JS44992,427084000
JS04478,164890007
JS41621,427084000
JS11092,426783006
JS18522,426783006
JS10439,164890007
JS38818,426783006
JS04968,427084000
JS16969,164889003
JS25006,426177001
JS04227,426177001
JS36521,426783006
JS29685,426177001
JS24989,426177001
JS19741,164890007
JS27613,426177001
JS33163,426177001
JS10837,427084000
JS29245,426177001
JS19606,164890007
JS40460,426783006
JS15969,164890007
JS00153,426177001
JS42906,427084000
JS43175,427084000
JS05384,427084000
JS45045,427084000
JS38438,426783006
JS30372,426177001
JS19351,426761007
JS36168,426783006
JS03799,164890007
JS14351,164890007
JS33253,426177001
JS09462,427084000
JS00027,426177001
JS15216,164890007
JS29067,426177001
JS42079,427084000
JS28487,426177001
JS14975,164890007
JS16594,164890007
JS30640,426177001
JS20559,426177001
JS40415,426783006
JS03555,427084000
JS15351,164890007
JS31017,426177001
JS32541,426177001
JS03868,164890007
JS23577,426177001
JS09720,426177001
JS32967,426177001
JS13912,164889003
JS30320,426177001
JS16512,164890007
JS41698,427084000
JS24363,426177001
JS23741,427084000
JS19890,164890007
JS40323,426783006
JS08125,164890007
JS02837,426177001
JS38666,426783006
JS27255,426177001
JS16018,164890007
JS31272,426177001
JS04295,426177001
JS39073,426783006
JS07797,426177001
JS20000,427084000
JS37593,426783006
JS00309,426177001
JS00683,427084000
JS00350,426177001
JS00647,426177001
JS24521,426177001
JS06541,426783006
JS40544,426783006
JS44917,427084000
JS08540,426177001
JS06917,164890007
JS37470,426783006
JS03297,426177001
JS18747,164890007
JS14454,164890007
JS42733,427084000
JS08398,164890007
JS44434,427084000
JS32691,426177001
JS17995,164890007
JS37688,426783006
JS15153,164890007
JS06951,164890007
JS17641,426177001
JS41097,426783006
JS31327,426177001
JS44025,427084000
JS11241,427084000
JS33998,426177001
JS02507,164890007
JS20882,426783006
JS44657,427084000
JS14292,164890007
JS26020,426177001
JS28990,426177001
JS11175,427084000
JS18772,164890007
JS43775,427084000
JS24041,427084000
JS33767,426177001
JS12385,427084000
JS13563,164890007
JS36361,426783006
JS31801,426177001
JS22659,426177001
JS42982,427084000
JS11690,426177001
JS00569,164890007
JS04197,426177001
JS41361,426783006
JS12629,164889003
JS26364,426177001
JS26626,426177001
JS00901,426177001
JS39817,426783006
JS44882,427084000
JS28765,426177001
JS25695,426177001
JS03245,426177001
JS10478,426761007
JS42910,427084000
JS39518,426783006
JS37651,426783006
JS37420,426783006
JS13265,164890007
JS42670,427084000
JS19667,164890007
JS24469,426177001
JS27296,426177001
JS00980,426783006
JS23829,426177001
JS44151,427084000
JS26303,426177001
JS05883,164890007
JS19159,164890007
JS33880,426177001
JS02993,164890007
JS37547,426783006
JS00624,164890007
JS14538,164890007
JS32435,426177001
JS42867,427084000
JS44721,427084000
JS38898,426783006
JS44569,427084000
JS40076,426783006
JS26590,426177001
JS41999,427084000
JS17626,164890007
JS40083,426783006
JS03886,426177001
JS44014,427084000
JS44124,427084000
JS12095,426177001
JS12452,426177001
JS27991,426177001
JS01042,426177001
JS40344,426783006
JS02934,426177001
JS18261,164890007
JS32956,426177001
JS09560,426783006
JS39016,426783006
JS40084,426783006
JS04847,427084000
JS41670,427084000
JS42232,427084000
JS06167,164890007
JS36947,426783006
JS04080,426177001
JS11795,164890007
JS17110,164889003
JS36762,426783006
JS00566,426783006
JS08196,426177001
JS32232,426177001
JS12312,426783006
JS38610,426783006
JS32742,426177001
JS31715,426177001
JS34493,426177001
JS42325,427084000
JS13391,164890007
JS40197,426783006
JS43289,427084000
JS43635,427084000
JS43457,427084000
JS22032,426783006
JS31868,426177001
JS06817,427084000
JS20624,426783006
JS25938,426177001
JS03287,164890007
JS04056,164890007
JS13467,164890007
JS32848,426177001
JS24198,426177001
JS15959,164890007
JS30939,426177001
JS19585,426761007
JS40807,426783006
JS26339,426177001
JS20781,427084000
JS01590,164890007
JS40238,426783006
JS41212,426783006
JS14068,164890007
JS06255,426177001
JS27484,426177001
JS44286,427084000
JS21187,164890007
JS39052,426783006
JS10096,426761007
JS36946,426783006
JS39225,426783006
JS18481,426177001
JS29858,426177001
JS42321,427084000
JS03961,427084000
JS13908,164890007
JS13000,164890007
JS10103,426761007
JS21153,164890007
JS31606,426177001
JS12222,426177001
JS14462,164890007
JS13403,164890007
JS28051,426177001
JS39163,426783006
JS33892,426177001
JS13534,164890007
JS00158,164890007
JS40292,426177001
JS38417,426783006
JS41567,427084000
JS02716,426783006
JS07706,426177001
JS12740,164890007
JS24689,426177001
JS06386,426783006
JS34236,426177001
JS41499,427084000
JS21152,164890007
JS04206,164890007
JS28216,426177001
JS10546,426761007
JS36964,426783006
JS20820,427084000
JS39894,426783006
JS00164,426177001
JS21273,427084000
JS29979,426177001
JS26542,426177001
JS20350,426177001
JS11718,426177001
JS45096,427084000
JS01668,426783006
JS44426,427084000
JS28699,426177001
JS11998,426177001
JS26000,426177001
JS28066,426177001
JS10613,426761007
JS17843,164890007
JS44067,427084000
JS28459,426177001
JS32766,426177001
JS36777,426783006
JS15079,164890007
JS21292,427084000
JS11248,427084000
JS01494,426177001
JS09055,426783006
JS19046,164890007
JS22812,426783006
JS20395,426177001
JS01131,164890007
JS26169,426177001
JS37278,426783006
JS14572,164890007
JS08044,427084000
JS04507,426783006
JS33747,426177001
JS08243,164890007
JS16498,164890007
JS42362,427084000
JS04162,426177001
JS41522,427084000
JS38270,426783006
JS37776,426783006
JS43187,427084000
JS13935,164890007
JS39914,426783006
JS34179,426177001
JS04085,426177001
JS37040,426783006
JS15597,164890007
JS25887,426177001
JS38878,426783006
JS21921,426177001
JS13178,164890007
JS09495,426783006
JS41580,427084000
JS16927,713422000
JS02083,426177001
JS14405,164890007
JS10200,426761007
JS36791,426783006
JS11332,427084000
JS31779,426177001
JS36999,426783006
JS25446,426177001
JS30137,426177001
JS06066,426761007
JS05100,164890007
JS02305,426783006
JS40750,426783006
JS02601,426177001
JS13030,164890007
JS24789,426177001
JS08541,426177001
JS02396,164889003
JS08917,427084000
JS41936,427084000
JS24049,427084000
JS03106,427084000
JS40178,426783006
JS43433,427084000
JS20349,427084000
JS43677,427084000
JS11858,427084000
JS11687,426177001
JS44552,427084000
JS00318,164890007
JS26747,426177001
JS27164,426177001
JS40109,426783006
JS03559,426783006
JS26533,426177001
JS10061,164890007
JS06316,426177001
JS19549,164890007
JS00631,426177001
JS29568,426177001
JS39097,426783006
JS18575,164890007
JS30188,426177001
JS41117,426783006
JS00724,426177001
JS37363,426177001
JS14089,164890007
JS31787,426177001
JS09996,426761007
JS27118,426177001
JS42460,427084000
JS40818,426783006
JS34307,426177001
JS44637,427084000
JS42003,427084000
JS15992,164890007
JS40422,426783006
JS29716,426177001
JS34355,426177001
JS16295,164890007
JS06933,426177001
JS18922,164890007
JS04727,426177001
JS16291,164890007
JS00509,427084000
JS28259,426177001
JS16815,164890007
JS43319,427084000
JS33308,426177001
JS32952,426177001
JS40250,426783006
JS21952,426177001
JS10088,426761007
JS03954,426783006
JS37011,426783006
JS33416,426177001
JS43729,427084000
JS41945,427084000
JS09093,426177001
JS33934,426177001
JS14469,164890007
JS44652,427084000
JS40670,426783006
JS01630,426783006
JS29129,426177001
JS12835,164890007
JS14436,164890007
JS42114,427084000
JS41346,426177001
JS10550,426761007
JS15009,164890007
JS15840,164890007
JS28474,426177001
JS44533,427084000
JS21547,426177001
JS05098,426783006
JS44438,427084000
JS37063,426783006
JS14040,164890007
JS34280,426177001
JS32971,426177001
JS16285,164890007
JS14127,164890007
JS44199,427084000
JS29468,426177001
JS03267,427084000
JS38439,426783006
JS02664,426177001
JS07637,426177001
JS45124,427084000
JS19409,164890007
JS32051,426177001
JS30508,426177001
JS25996,426177001
JS11048,426783006
JS06774,426177001
JS32552,426177001
JS32466,426177001
JS25792,426177001
JS43148,427084000
JS39737,426783006
JS12479,164890007
JS36745,426783006
JS42085,427084000
JS11257,427084000
JS08389,426177001
JS32262,426177001
JS32170,426177001
JS30280,426177001
JS32317,426177001
JS04486,426783006
JS13592,164890007
JS03286,426177001
JS26012,426177001
JS33500,426177001
JS07358,164890007
JS06784,426783006
JS29178,426177001
JS42462,427084000
JS43607,427084000
JS33748,426177001
JS04697,164889003
JS02708,164890007
JS44278,427084000
JS15252,164890007
JS01695,426177001
JS00627,713422000
JS34072,426177001
JS15584,164890007
JS26689,426177001
JS00793,426177001
JS27730,426177001
JS16293,164890007
JS00663,426177001
JS01418,426177001
JS03457,426177001
JS43100,427084000
JS38724,426783006
JS05842,426177001
JS17859,164890007
JS26458,426177001
JS07077,426177001
JS44357,427084000
JS31234,426177001
JS20515,426177001
JS18613,164890007
JS12050,426177001
JS38072,426783006
JS17306,164890007
JS33442,426177001
JS04013,426177001
JS11591,426177001
JS24835,426177001
JS06736,426177001
JS12282,426783006
JS31649,426177001
JS30181,426177001
JS21167,164890007
JS01663,427084000
JS26369,426177001
JS39292,426783006
JS01275,426783006
JS26895,426177001
JS12994,164890007
JS32469,426177001
JS04223,426177001
JS26428,426177001
JS10195,426761007
JS03682,426177001
JS02336,426783006
JS16977,164889003
JS36300,426783006
JS31842,426177001
JS31474,426177001
JS08244,427084000
JS34006,426177001
JS06471,427084000
JS00062,426177001
JS29243,426177001
JS33337,426177001
JS25775,426177001
JS33602,426177001
JS21994,426783006
JS13208,164890007
JS27192,426177001
JS39473,426783006
JS16112,164890007
JS23921,426177001
JS08842,427084000
JS01907,426783006
JS10431,164889003
JS23781,427084000
JS04413,426177001
JS01397,164890007
JS17326,164890007
JS22712,426177001
JS21515,426177001
JS01594,426177001
JS12466,427084000
JS31419,426177001
JS31412,426177001
JS04892,164890007
JS12905,426177001
JS05747,426177001
JS09347,426783006
JS26280,426177001
JS05126,426783006
JS32849,426177001
JS13810,164890007
JS25050,426177001
JS32683,426177001
JS00081,164890007
JS38910,426783006
JS32416,426177001
JS32643,426177001
JS21370,426783006
JS19875,426761007
JS30653,426177001
JS12457,426177001
JS18107,164890007
JS34338,426177001
JS17225,164889003
JS31461,426177001
JS13775,164890007
JS19812,427084000
JS15625,164890007
JS33450,426177001
JS15872,164890007
JS18078,164889003
JS21927,426177001
JS00357,426177001
JS14185,164890007
JS17667,164889003
JS30090,426177001
JS26753,426177001
JS18336,164890007
JS14847,426783006
JS00310,426177001
JS09204,426783006
JS09777,426177001
JS06059,426177001
JS39488,426783006
JS18574,427084000
JS06388,426177001
JS38522,426783006
JS32105,426177001
JS09053,427084000
JS17624,164890007
JS29371,426177001
JS21932,426177001
JS01323,426783006
JS43783,427084000
JS32824,426177001
JS25631,426177001
JS08492,426177001
JS04045,164890007
JS29198,426177001
JS38730,426783006
JS30332,426177001
JS37535,426783006
JS42150,427084000
JS42257,427084000
JS32534,426177001
JS03968,427084000
JS31667,426177001
JS31900,426177001
JS05859,426783006
JS34365,426177001
JS31972,426177001
JS18598,426761007
JS00011,426177001
JS30623,426177001
JS34540,426783006
JS10147,426761007
JS24290,426177001
JS44295,427084000
JS32239,426177001
JS37471,426783006
JS44905,427084000
JS27856,426177001
JS33320,426177001
JS02232,426783006
JS31827,426177001
JS31235,426177001
JS29832,426177001
JS12560,164890007
JS13347,164890007
JS19017,164890007
JS13192,164890007
JS33779,426177001
JS40222,426783006
JS17433,164890007
JS08130,426177001
JS32462,426177001
JS37100,426783006
JS42680,427084000
JS32090,426177001
JS41959,427084000
JS03186,164890007
JS06861,427084000
JS44918,427084000
JS04464,164889003
JS08579,426177001
JS11610,427084000
JS13812,164890007
JS17456,164889003
JS16046,164890007
JS38105,426783006
JS32645,426177001
JS17112,164890007
JS26989,426177001
JS23727,427084000
JS38342,426783006
JS15566,164890007
JS02464,426783006
JS27477,426177001
JS36234,426783006
JS25980,426177001
JS43895,427084000
JS37668,426783006
JS29844,426177001
JS39057,426783006
JS00183,427084000
JS31534,426177001
JS08014,426177001
JS04616,427084000
JS31704,426177001
JS24523,426177001
JS25496,426177001
JS42616,427084000
JS12144,426177001
JS39388,426783006
JS27103,426177001
JS19860,164890007
JS12407,426761007
JS21325,427084000
JS37334,426783006
JS06596,426783006
JS13014,164890007
JS13946,164890007
JS07711,426177001
JS28329,426177001
JS28413,426177001
JS32415,426177001
JS13972,164890007
JS38001,426783006
JS06084,427084000
JS11392,427084000
JS08231,426783006
JS44077,427084000
JS43670,427084000
JS19742,164890007
JS44716,427084000
JS03055,427084000
JS10514,426761007
JS08460,164889003
JS44488,427084000
JS00809,426177001
JS12397,427084000
JS24318,426177001
JS44636,427084000
JS43563,427084000
JS19492,164890007
JS13547,164889003
JS29928,426177001
JS24038,427084000
JS00099,426177001
JS25224,426177001
JS22900,427084000
JS39172,426783006
JS41200,426783006
JS08056,426177001
JS16859,164890007
JS07935,426177001
JS38879,426783006
JS34155,426177001
JS27336,426177001
JS21592,426177001
JS18110,164890007
JS04782,426177001
JS13161,164889003
JS16741,164890007
JS31316,426177001
JS36478,426783006
JS15013,164890007
JS24633,426177001
JS32044,426177001
JS20852,427084000
JS17957,164890007
JS36577,426783006
JS03547,164890007
JS39962,426783006
JS28923,426177001
JS45032,427084000
JS10461,426761007
JS29682,426177001
JS39447,426783006
JS36607,426783006
JS36155,164890007
JS05400,164890007
JS27133,426177001
JS44104,427084000
JS24570,426177001
JS14006,164889003
JS31056,426177001
JS16664,164890007
JS17301,164890007
JS13958,164890007
JS08088,426783006
JS23686,427084000
JS24779,426177001
JS21236,427084000
JS37703,426783006
JS10780,164890007
JS32679,426177001
JS31051,426177001
JS11709,426783006
JS32719,426177001
JS12954,164890007
JS04785,426783006
JS15206,164890007
JS39470,426783006
JS42635,427084000
JS18207,164890007
JS06873,164890007
JS04163,426783006
JS18459,164890007
JS07321,426783006
JS04392,427084000
JS13317,164890007
JS10251,426761007
JS39533,426783006
JS16171,164890007
JS33111,426177001
JS01129,426177001
JS06474,164890007
JS02432,426783006
JS20182,164890007
JS01451,427084000
JS43930,427084000
JS27287,426177001
JS28870,426177001
JS19805,164890007
JS05944,426783006
JS40154,426783006
JS26724,426177001
JS19257,164890007
JS06509,426783006
JS01359,427084000
JS29672,426177001
JS12347,427084000
JS39149,426783006
JS42457,427084000
JS15814,164890007
JS17358,164890007
JS21647,426177001
JS02226,426177001
JS26915,426177001
JS40775,426783006
JS01111,426177001
JS29017,426177001
JS33200,426177001
JS06406,164890007
JS20079,426783006
JS06464,164890007
JS29315,426177001
JS08168,426783006
JS10019,164890007
JS05222,426177001
JS22952,426177001
JS29439,426177001
JS03923,427084000
JS09061,164890007
JS40980,426783006
JS08953,426177001
JS27471,426177001
JS01985,427084000
JS05703,164890007
JS20714,426177001
JS45182,427084000
JS41777,427084000
JS37201,426783006
JS25168,426177001
JS05548,164889003
JS10083,426761007
JS15831,164890007
JS18831,164889003
JS42154,427084000
JS01624,426783006
JS11686,426177001
JS37775,426783006
JS26283,426177001
JS09044,426177001
JS21154,164890007
JS04021,426177001
JS22401,427084000
JS42589,427084000
JS20455,426177001
JS23062,427084000
JS06248,426783006
JS12754,164890007
JS23888,426177001
JS44758,427084000
JS37878,426783006
JS36988,426783006
JS30590,426177001
JS12940,164890007
JS23988,427084000
JS24640,426177001
JS41765,427084000
JS12675,426177001
JS03870,426761007
JS20818,427084000
JS16101,164890007
JS25301,426177001
JS10906,426177001
JS39605,426783006
JS45258,427084000
JS37416,426783006
JS44105,427084000
JS21221,164890007
JS36856,426783006
JS00669,164890007
JS09943,426761007
JS00799,164890007
JS06532,426783006
JS40092,426783006
JS42744,427084000
JS25888,426177001
JS24650,426177001
JS00022,426177001
JS37403,426783006
JS30693,426177001
JS09627,164890007
JS04710,426177001
JS10560,426761007
JS30212,426177001
JS28517,426177001
JS41657,427084000
JS43928,427084000
JS33501,426177001
JS09369,426177001
JS21753,427084000
JS05969,426783006
JS03300,427084000
JS18323,164890007
JS39861,426783006
JS27140,426177001
JS39813,426783006
JS07633,427084000
JS03281,426177001
JS27668,426177001
JS39733,426783006
JS12698,164890007
JS05282,426177001
JS00219,164890007
JS18002,164890007
JS43524,427084000
JS19707,164890007
JS13835,164890007
JS12566,164890007
JS21533,426177001
JS10281,426761007
JS10556,426761007
JS27178,426177001
JS17185,164890007
JS24842,426177001
JS30104,426177001
JS01641,427084000
JS30754,426177001
JS15357,164890007
JS32740,426177001
JS43426,427084000
JS38052,426783006
JS19291,426761007
JS12600,164890007
JS39157,426783006
JS08109,426783006
JS43919,427084000
JS40432,426783006
JS40826,426783006
JS22018,426783006
JS03873,427084000
JS10815,427084000
JS42181,427084000
JS21569,426177001
JS24232,426177001
JS09867,426177001
JS44557,427084000
JS02780,426177001
JS15328,164890007
JS39909,426783006
JS43716,427084000
JS38251,426783006
JS18620,164890007
JS31873,426177001
JS12044,426177001
JS41077,426783006
JS05030,427084000
JS37758,426783006
JS15979,164890007
JS08346,426177001
JS06007,164890007
JS36224,426783006
JS18213,164890007
JS19847,164890007
JS02321,426783006
JS13227,164890007
JS42268,427084000
JS12646,164890007
JS03624,427084000
JS31614,426177001
JS41089,426783006
JS20190,426177001
JS26787,426177001
JS14200,426177001
JS44446,427084000
JS36932,426783006
JS10773,164890007
JS29296,426177001
JS04245,426177001
JS31279,426177001
JS06688,426177001
JS19048,164890007
JS29991,426177001
JS09561,427084000
JS05702,427084000
JS09214,164890007
JS28388,426177001
JS43420,427084000
JS26690,426177001
JS13165,164890007
JS45330,427084000
JS09663,427084000
JS25103,426177001
JS06401,426177001
JS20448,426177001
JS33145,426177001
JS24331,426177001
JS17210,164890007
JS20746,427084000
JS02917,426177001
JS43818,427084000
JS07675,427084000
JS25935,426177001
JS26556,426177001
JS39449,426783006
JS44110,427084000
JS05241,164890007
JS39268,426783006
JS21417,426177001
JS38706,426783006
JS28258,426177001
JS05166,164890007
JS34058,426177001
JS32896,426177001
JS14391,164890007
JS30530,426177001
JS39291,426783006
JS16355,164890007
JS14447,426783006
JS10046,427084000
JS21708,426783006
JS23917,426177001
JS32722,426177001
JS40452,426783006
JS44183,427084000
JS08890,427084000
JS10848,426177001
JS41914,427084000
JS29151,426177001
JS18735,164889003
JS37683,426783006
JS43397,427084000
JS24258,426177001
JS04911,427084000
JS05316,427084000
JS24879,426177001
JS20363,426177001
JS29751,426177001
JS02418,426177001
JS03730,426177001
JS43334,427084000
JS26728,426177001
JS10699,164890007
JS38541,426783006
JS40246,426783006
JS02559,164889003
JS28656,426177001
JS39907,426783006
JS02265,164890007
JS24969,426177001
JS38636,426783006
JS01368,426177001
JS33220,426177001
JS14304,164890007
JS00752,427084000
JS24011,427084000
JS30955,426177001
JS07831,164890007
JS21559,426177001
JS27298,426177001
JS37806,426783006
JS01296,427084000
JS05972,426177001
JS32406,426177001
JS00898,426177001
JS31128,426177001
JS02586,427084000
JS04852,164890007
JS21586,426177001
JS27539,426177001
JS11178,427084000
JS31099,426177001
JS28193,426177001
JS02921,426177001
JS00387,427084000
JS44149,427084000
JS21723,426783006
JS20424,426177001
JS02504,426177001
JS11074,427084000
JS40302,426783006
JS25971,426177001
JS44407,427084000
JS11580,426177001
JS43295,427084000
JS25696,426177001
JS02327,426783006
JS05623,164890007
JS22721,426177001
JS01399,426177001
JS09267,426783006
JS02569,426177001
JS09248,426177001
JS39820,426783006
JS03971,164890007
JS43966,427084000
JS26180,426177001
JS08687,426177001
JS44667,427084000
JS03212,426783006
JS21439,426177001
JS04401,427084000
JS34005,426177001
JS04574,427084000
JS17024,164890007
JS34543,426177001
JS17581,164890007
JS26320,426177001
JS22685,426177001
JS43095,427084000
JS40607,426783006
JS20269,426177001
JS14704,426783006
JS30159,426177001
JS00935,426177001
JS06259,427084000
JS27509,426177001
JS02484,426177001
JS09917,426761007
JS12399,427084000
JS24844,426177001
JS09861,426177001
JS09602,164890007
JS22202,427084000
JS08112,426783006
JS44213,427084000
JS33931,426177001
JS00808,426783006
JS33557,426177001
JS05076,164889003
JS29426,426177001
JS12048,426177001
JS09075,427084000
JS27765,426177001
JS43905,427084000
JS28440,426177001
JS38235,426177001
JS34007,426177001
JS06229,426177001
JS39953,426783006
JS36556,426783006
JS25542,426177001
JS19084,164890007
JS14524,164890007
JS24685,426177001
JS08019,164890007
JS22069,427084000
JS43873,427084000
JS09205,426177001
JS44066,427084000
JS01459,426177001
JS12720,164890007
JS21627,426177001
JS26222,426177001
JS15991,164890007
JS18944,164890007
JS02852,426783006
JS16016,164890007
JS06715,426177001
JS05585,426177001
JS09714,426177001
JS38408,426783006
JS32213,426177001
JS27876,426177001
JS39701,426783006
JS09645,426783006
JS32517,426177001
JS21968,426177001
JS07330,426177001
JS39730,426783006
JS20775,427084000
JS40593,426783006
JS20737,427084000
JS25183,426177001
JS34053,426177001
JS17376,164890007
JS36719,426783006
JS06076,164890007
JS14279,164890007
JS28700,426177001
JS29686,426177001
JS28253,426177001
JS21985,426783006
JS34285,426177001
JS30008,426177001
JS14868,164890007
JS30482,426177001
JS44414,427084000
JS11082,426783006
JS18760,426761007
JS37027,426783006
JS09959,426761007
JS15550,164890007
JS34242,426177001
JS18728,164889003
JS36387,426783006
JS38774,426783006
JS04590,426177001
JS24483,426177001
JS13010,164889003
JS05376,426783006
JS28591,426177001
JS07186,426177001
JS11365,427084000
JS20454,426177001
JS10730,426177001
JS04156,426177001
JS29148,426177001
JS16477,426761007
JS41400,426783006
JS43037,427084000
JS22940,426177001
JS33731,426177001
JS32555,426177001
JS19853,164890007
JS19979,426783006
JS03860,426783006
JS45132,426783006
JS27859,426177001
JS26074,426177001
JS26267,426177001
JS29252,426177001
JS26498,426177001
JS24639,426177001
JS19465,164890007
JS43287,427084000
JS01887,427084000
JS29145,426177001
JS02785,426177001
JS44046,427084000
JS14816,164890007
JS12330,164890007
JS36398,426783006
JS12314,426783006
JS39721,426783006
JS39422,426783006
JS34322,426177001
JS29488,426177001
JS32114,426177001
JS23814,426177001
JS01424,164890007
JS10471,426761007
JS03205,164890007
JS34478,426177001
JS23619,426177001
JS21917,426177001
JS08502,164890007
JS33851,426177001
JS36629,426783006
JS01995,164890007
JS01739,426177001
JS40145,426783006
JS03884,164890007
JS30112,426177001
JS08719,426177001
JS36937,426783006
JS19062,164890007
JS43678,427084000
JS30219,426177001
JS17434,164889003
JS19766,164890007
JS00108,426177001
JS05023,426177001
JS36427,426783006
JS24936,426177001
JS22175,426177001
JS32812,426177001
JS03746,164890007
JS29301,426177001
JS10515,426761007
JS37026,426783006
JS03402,426783006
JS32173,426177001
JS31257,426177001
JS32724,426177001
JS24764,426177001
JS12277,426177001
JS30197,426177001
JS11446,427084000
JS25821,426177001
JS15826,164890007
JS41163,426783006
JS10681,426177001
JS39512,426783006
JS27695,426177001
JS19070,164890007
JS05543,426177001
JS02459,426177001
JS26923,426177001
JS36729,426783006
JS07151,426177001
JS17315,164890007
JS26749,426177001
JS22956,426177001
JS22600,426177001
JS13104,164890007
JS07631,427084000
JS26555,426177001
JS01966,164890007
JS43724,427084000
JS44737,427084000
JS01285,426783006
JS05304,427084000
JS17513,164890007
JS12577,164890007
JS15236,164890007
JS15443,164889003
JS24369,426177001
JS12733,164890007
JS33632,426177001
JS36490,426783006
JS04411,164890007
JS09494,426177001
JS19164,426761007
JS42376,427084000
JS14840,164890007
JS07560,426783006
JS38109,426783006
JS25116,426177001
JS16281,164890007
JS06622,426177001
JS09346,427084000
JS01460,426177001
JS04098,164890007
JS36426,426783006
JS36767,426783006
JS43740,427084000
JS04020,427084000
JS20772,164890007
JS33434,426177001
JS01269,164890007
JS06210,427084000
JS36562,426783006
JS01044,426783006
JS43098,427084000
JS41506,427084000
JS31576,426177001
JS02276,426783006
JS40089,426783006
JS02339,426177001
JS05383,164890007
JS44908,427084000
JS20692,427084000
JS18233,164890007
JS41146,426783006
JS01820,426177001
JS14864,164890007
JS16388,164890007
JS25143,426177001
JS33164,426177001
JS43216,427084000
JS30493,426177001
JS38220,426783006
JS29983,426177001
JS13309,164890007
JS25249,426177001
JS23001,427084000
JS39241,426783006
JS22522,426177001
JS37643,426783006
JS25893,426177001
JS36621,426783006
JS25107,426177001
JS02685,426177001
JS05360,164890007
JS33323,426177001
JS05625,427084000
JS38483,426783006
JS13684,164890007
JS39692,426783006
JS14598,164890007
JS39618,426783006
JS22795,426783006
JS09544,426177001
JS25266,426177001
JS04702,426177001
JS17340,164890007
JS01795,426177001
JS12918,164890007
JS42101,427084000
JS38051,426783006
JS02486,427084000
JS02345,426177001
JS33345,426177001
JS13170,164889003
JS10894,426177001
JS12239,426177001
JS06741,426177001
JS27267,426177001
JS41809,427084000
JS00927,427084000
JS17118,164890007
JS31464,426177001
JS40708,426783006
JS19555,164890007
JS37044,427084000
JS42063,427084000
JS16078,164890007
JS00191,426177001
JS20854,427084000
JS23578,426177001
JS17355,164890007
JS06895,427084000
JS19746,164890007
JS29394,426177001
JS19251,164889003
JS10564,164890007
JS06342,164889003
JS04153,426783006
JS22280,426177001
JS00142,426783006
JS30552,426177001
JS17729,164890007
JS26052,426177001
JS12414,164890007
JS02224,427084000
JS26229,426177001
JS00974,426783006
JS11153,427084000
JS22326,427084000
JS43736,427084000
JS28849,426177001
JS21591,426177001
JS14082,426177001
JS30013,426177001
JS29702,426177001
JS39421,426783006
JS13353,426177001
JS31205,426177001
JS07009,164890007
JS13709,164890007
JS34637,426783006
JS16180,164890007
JS26372,426177001
JS17311,426177001
JS09331,426177001
JS32138,426177001
JS31421,426177001
JS22826,427084000
JS14026,164890007
JS42213,427084000
JS01347,426177001
JS17030,164890007
JS11959,426177001
JS07523,164890007
JS17083,164890007
JS28008,426177001
JS37381,426783006
JS29090,426177001
JS28289,426177001
JS08246,426177001
JS02244,427084000
JS10734,426783006
JS37312,426783006
JS42594,427084000
JS40650,426783006
JS03634,164890007
JS24451,426177001
JS11401,427084000
JS14409,164890007
JS34526,426177001
JS07516,426177001
JS18473,164890007
JS13036,713422000
JS19441,164890007
JS31167,426177001
JS36292,426783006
JS14137,164890007
JS15025,164890007
JS38167,426783006
JS05445,426783006
JS15330,164890007
JS27722,426177001
JS34552,426177001
JS43300,427084000
JS24643,426783006
JS22494,426177001
JS38452,426783006
JS05622,427084000
JS29976,426177001
JS08680,426783006
JS41079,426783006
JS27501,426177001
JS42678,427084000
JS00768,427084000
JS33399,426177001
JS43705,427084000
JS31466,426177001
JS16343,164890007
JS12606,164890007
JS24195,426177001
JS44217,427084000
JS14972,164890007
JS02169,164890007
JS40551,426177001
JS27866,426177001
JS09128,426177001
JS24387,426177001
JS32389,426177001
JS18636,164890007
JS25597,426177001
JS10414,426761007
JS24325,426177001
JS01640,164890007
JS29188,426177001
JS02581,426177001
JS33543,426177001
JS01686,164890007
JS14261,164890007
JS41305,426783006
JS05425,164890007
JS24317,426177001
JS33845,426177001
JS04881,427084000
JS29024,426177001
JS16897,164890007
JS40844,426783006
JS27353,426177001
JS40866,426783006
JS28005,426177001
JS23088,164890007
JS05270,164890007
JS17089,164890007
JS05837,426783006
JS00451,426177001
JS43214,427084000
JS33224,426177001
JS06735,426177001
JS02634,426783006
JS13701,164890007
JS31950,426177001
JS15970,164890007
JS36704,426783006
JS36265,426783006
JS27847,426177001
JS09063,427084000
JS43913,427084000
JS25215,426177001
JS01828,426177001
JS04983,164889003
JS23940,426177001
JS42323,427084000
JS43842,427084000
JS27299,426177001
JS37296,426783006
JS32788,426177001
JS32198,426177001
JS38055,426783006
JS17153,426177001
JS14311,164890007
JS30843,426177001
JS00867,426783006
JS13198,164890007
JS12681,164889003
JS02969,426783006
JS08752,427084000
JS32559,426177001
JS34705,426783006
JS20477,426177001
JS06357,164890007
JS31975,426177001
JS15952,164890007
JS10930,426177001
JS05490,164890007
JS20064,426177001
JS28127,426177001
JS18855,164890007
JS29409,426177001
JS09675,164890007
JS06835,426177001
JS15789,164890007
JS17211,164890007
JS11566,426177001
JS06049,426177001
JS03127,164890007
JS30809,426177001
JS00664,427084000
JS41728,427084000
JS18476,164889003
JS28192,426177001
JS39855,426783006
JS29613,426177001
JS11222,427084000
JS32783,426177001
JS36559,426783006
JS12342,427084000
JS16333,164890007
JS19040,164890007
JS32418,426177001
JS07731,427084000
JS18028,164890007
JS04946,164890007
JS16379,164890007
JS30317,426177001
JS05020,426761007
JS04645,426177001
JS24775,426177001
JS39903,426783006
JS30434,426177001
JS25158,426177001
JS01698,426177001
JS09124,426177001
JS00982,426783006
JS12049,426177001
JS44390,427084000
JS08563,164890007
JS29378,426177001
JS15358,164890007
JS24921,426177001
JS10824,426783006
JS15269,164890007
JS37407,426783006
JS05506,426177001
JS43329,427084000
JS38164,426783006
JS04669,426177001
JS06427,426177001
JS40140,426783006
JS04578,426783006
JS37894,426783006
JS42446,426783006
JS15813,164890007
JS25016,426177001
JS15436,164890007
JS21527,426177001
JS03294,427084000
JS29338,426177001
JS22320,427084000
JS10775,164890007
JS17459,164890007
JS10325,426761007
JS28567,426177001
JS37805,426783006
JS26890,426177001
JS34767,426783006
JS43032,427084000
JS31935,426177001
JS03292,426783006
JS12683,164889003
JS22180,426177001
JS17909,164890007
JS15404,164890007
JS07951,164890007
JS42958,427084000
JS43253,427084000
JS41135,426783006
JS06473,426783006
JS13772,164889003
JS20200,426783006
JS04255,426177001
JS02363,426177001
JS08011,426177001
JS21831,426177001
JS10479,426761007
JS17956,164890007
JS39792,426783006
JS21293,427084000
JS17801,164890007
JS22332,427084000
JS06310,427084000
JS16944,164889003
JS10285,426761007
JS32056,426177001
JS26209,426177001
JS30749,426177001
JS25797,426177001
JS44782,427084000
JS24337,426177001
JS41109,426783006
JS37370,426783006
JS05161,426783006
JS34270,426177001
JS41042,426783006
JS24467,426177001
JS17179,164890007
JS20749,427084000
JS29636,426177001
JS04824,426177001
JS09830,164890007
JS37789,426783006
JS15099,164890007
JS18079,164890007
JS39345,426783006
JS39858,426783006
JS22042,426783006
JS03774,427084000
JS08575,426177001
JS02303,426783006
JS36718,426783006
JS06043,426177001
JS39192,426783006
JS17525,164890007
JS09265,426783006
JS26921,426177001
JS08549,426177001
JS14699,164890007
JS10579,426761007
JS37883,426783006
JS00699,426177001
JS03214,427084000
JS26271,426177001
JS39375,426783006
JS16191,164890007
JS14005,164890007
JS36441,426783006
JS41026,426783006
JS39312,426783006
JS16809,164890007
JS24816,426177001
JS31820,426177001
JS24966,426177001
JS13111,164890007
JS25221,426177001
JS17008,164890007
JS16548,164890007
JS24266,426177001
JS24376,426177001
JS36943,426783006
JS39486,426783006
JS37088,426783006
JS45151,427084000
JS43748,427084000
JS13929,164890007
JS39122,426783006
JS07547,426177001
JS31786,426177001
JS13088,426761007
JS01303,426177001
JS11345,427084000
JS24202,426177001
JS21435,426177001
JS01249,427084000
JS36204,426783006
JS39866,426783006
JS14700,164890007
JS00441,164890007
JS22274,426177001
JS41534,427084000
JS33079,426177001
JS42134,427084000
JS34295,426177001
JS41823,427084000
JS14079,426177001
JS05602,426177001
JS04718,426783006
JS22149,426177001
JS05091,427084000
JS07904,426177001
JS38399,426783006
JS45163,427084000
JS29452,426177001
JS40104,426783006
JS42742,427084000
JS15422,164890007
JS27548,426177001
JS19053,164890007
JS08337,164890007
JS37229,426783006
JS00951,426177001
JS29707,426177001
JS09972,426761007
JS25911,426177001
JS38807,426783006
JS31240,426177001
JS25653,426177001
JS25350,426177001
JS44262,427084000
JS20449,426177001
JS34137,426177001
JS10254,426761007
JS22482,426177001
JS41477,426783006
JS00998,426783006
JS42754,427084000
JS41573,427084000
JS05568,426783006
JS37222,426783006
JS07812,164890007
JS20705,427084000
JS00393,164890007
JS24832,426177001
JS38857,426783006
JS11386,427084000
JS10841,426177001
JS14758,164890007
JS15263,164890007
JS15640,164890007
JS26007,426177001
JS05574,426783006
JS25880,426177001
JS41709,427084000
JS08101,426783006
JS38808,426783006
JS21756,427084000
JS42344,427084000
JS11158,164890007
JS02076,426177001
JS06808,426177001
JS26678,426177001
JS22656,426177001
JS37614,426783006
JS13900,164890007
JS09841,426177001
JS40916,426783006
JS03249,426177001
JS15985,164889003
JS38017,426783006
JS09425,426783006
JS23889,426177001
JS41668,427084000
JS37868,426783006
JS09043,427084000
JS17947,164890007
JS05123,164890007
JS00332,427084000
JS03767,426177001
JS00408,426177001
JS20379,426177001
JS07866,426177001
JS39525,426783006
JS01432,426177001
JS12432,164890007
JS19927,164890007
JS21147,164890007
JS30349,426177001
JS26156,426177001
JS18797,164890007
JS33933,426177001
JS44838,427084000
JS06701,426177001
JS05198,164890007
JS08171,426177001
JS12195,426177001
JS28618,426177001
JS27943,426177001
JS30793,426177001
JS16715,164890007
JS04939,164890007
JS21967,426177001
JS37118,426783006
JS34360,426177001
JS27777,426177001
JS27198,426177001
JS29874,426177001
JS29597,426177001
JS07275,427084000
JS04503,427084000
JS00399,426177001
JS40315,426783006
JS20240,426177001
JS26539,426177001
JS26543,426177001
JS17666,164890007
JS13219,164890007
JS08303,426177001
JS38514,426783006
JS20188,427084000
JS08615,426177001
JS40995,426783006
JS44984,427084000
JS13466,164889003
JS27141,426177001
JS05332,427084000
JS24862,426177001
JS06377,164890007
JS14512,164890007
JS06113,427084000
JS43323,427084000
JS18380,164890007
JS36504,426783006
JS41510,164890007
JS41251,426783006
JS33855,426177001
JS41827,427084000
JS25338,426177001
JS31408,426177001
JS36368,426783006
JS31747,426177001
JS29262,426177001
JS30449,426177001
JS02350,426177001
JS00360,426177001
JS19623,164890007
JS09160,426177001
JS38021,426783006
JS28943,426177001
JS34398,426177001
JS39600,426783006
JS11103,427084000
JS32227,426177001
JS20439,426177001
JS06451,426177001
JS44519,427084000
JS39458,426783006
JS22281,426177001
JS12319,426783006
JS03424,426177001
JS26641,426177001
JS45280,427084000
JS24545,426177001
JS37730,426783006
JS03894,426177001
JS02253,426177001
JS06055,426783006
JS01025,164890007
JS22597,426177001
JS29297,426177001
JS04995,427084000
JS00543,426177001
JS22824,426783006
JS18818,164890007
JS20293,427084000
JS37497,426783006
JS05853,426783006
JS00490,426177001
JS23706,427084000
JS39547,426783006
JS42275,427084000
JS08706,164890007
JS02526,426177001
JS33209,426177001
JS08588,164890007
JS33720,426177001
JS29859,426177001
JS08778,426177001
JS04906,427084000
JS33270,426177001
JS21261,427084000
JS41088,426783006
JS19731,426761007
JS33749,426177001
JS17415,164890007
JS10206,426761007
JS40960,426783006
JS37650,164890007
JS01407,164890007
JS19451,164889003
JS08640,427084000
JS02615,426177001
JS18458,164890007
JS29910,426177001
JS25594,426177001
JS10123,426761007
JS19939,426761007
JS39982,426783006
JS37967,426783006
JS19088,164890007
JS10142,426761007
JS24307,426177001
JS12849,427084000
JS27454,426177001
JS17852,164890007
JS17864,164890007
JS39006,426783006
JS10400,426761007
JS28658,426177001
JS03378,426177001
JS41612,427084000
JS44530,427084000
JS22950,426177001
JS33034,426177001
JS21677,426783006
JS26191,426177001
JS02747,164890007
JS19540,164890007
JS09691,426783006
JS06548,427084000
JS42584,427084000
JS27391,426177001
JS05643,426177001
JS18813,164890007
JS11786,164890007
JS36983,426783006
JS39494,426783006
JS38713,426783006
JS37428,426783006
JS09916,426761007
JS37705,426783006
JS33835,426177001
JS44374,427084000
JS04458,427084000
JS08111,426177001
JS16492,164890007
JS14483,164889003
JS09608,426783006
JS30810,426177001
JS43387,427084000
JS16071,164889003
JS06275,426177001
JS43157,427084000
JS26865,426177001
JS32502,426177001
JS33427,426177001
JS22566,426177001
JS33990,426177001
JS02889,426783006
JS43161,427084000
JS21194,164890007
JS13002,164890007
JS38757,426783006
JS42381,427084000
JS18885,164890007
JS25557,426177001
JS09865,164890007
JS16520,164889003
JS10404,164890007
JS14974,164890007
JS34244,426177001
JS09101,426783006
JS03237,427084000
JS02341,426177001
JS12098,426177001
JS44037,427084000
JS08694,164890007
JS22702,426177001
JS31831,426177001
JS16958,164890007
JS41338,426783006
JS21633,426177001
JS05279,427084000
JS08759,426783006
JS44792,427084000
JS06930,426177001
JS26444,426177001
JS19801,164890007
JS44942,427084000
JS05140,426783006
JS29892,426177001
JS19553,426761007
JS14487,164890007
JS27511,426177001
JS05897,164890007
JS39130,426783006
JS33089,426177001
JS28185,426177001
JS24118,427084000
JS01836,426177001
JS08307,426177001
JS16764,164889003
JS17133,164890007
JS28412,426177001
JS12000,426177001
JS30824,426177001
JS44814,427084000
JS15145,164890007
JS05468,426783006
JS16129,164890007
JS05829,426177001
JS07521,426177001
JS38254,426783006
JS09803,426177001
JS15028,164890007
JS33355,426177001
JS00522,426177001
JS17009,164890007
JS00381,426783006
JS13971,164890007
JS36712,426783006
JS31549,426177001
JS31664,426177001
JS24405,426177001
JS30413,426177001
JS29543,426177001
JS02882,426783006
JS42008,427084000
JS25230,426177001
JS19380,164890007
JS25126,426177001
JS07245,164890007
JS02965,426177001
JS43976,427084000
JS42642,427084000
JS24004,427084000
JS17334,164890007
JS06065,426177001
JS19941,164890007
JS01635,426177001
JS10109,164890007
JS25042,426177001
JS05167,426177001
JS31086,426177001
JS19480,426177001
JS18051,164890007
JS07493,164890007
JS45000,427084000
JS19906,164890007
JS30478,426177001
JS16793,164890007
JS07601,426783006
JS24022,427084000
JS13656,164890007
JS09253,426177001
JS07725,426761007
JS18771,164890007
JS06098,427084000
JS00065,426177001
JS20086,426783006
JS33901,426177001
JS38066,426783006
JS40148,426783006
JS05809,426177001
JS07924,164890007
JS06299,426177001
JS28941,426177001
JS39770,426783006
JS39159,426783006
JS11409,427084000
JS31138,426177001
JS15511,164890007
JS32432,426177001
JS34672,426783006
JS32353,426177001
JS29280,426177001
JS25449,426177001
JS29404,426177001
JS37771,426783006
JS04757,426177001
JS38709,426783006
JS29099,426177001
JS09209,426783006
JS01421,164889003
JS26401,426177001
JS42201,427084000
JS14792,164890007
JS30553,426177001
JS38202,426783006
JS30732,426177001
JS30770,426177001
JS13570,164889003
JS39758,426783006
JS05894,427084000
JS33605,426177001
JS14067,164890007
JS27540,426177001
JS26160,426177001
JS09056,426177001
JS16834,164890007
JS20767,427084000
JS31788,426177001
JS27007,426177001
JS29931,426177001
JS38061,426783006
JS15441,164890007
JS30325,426177001
JS36166,426783006
JS23678,427084000
JS13746,164890007
JS21213,164890007
JS02828,426177001
JS29146,426177001
JS04345,164890007
JS05475,164889003
JS12669,164890007
JS29968,426177001
JS18767,426761007
JS16437,164890007
JS42326,427084000
JS25627,426177001
JS17936,164890007
JS12121,426177001
JS05037,164889003
JS05197,426761007
JS11084,427084000
JS15611,164890007
JS25433,426177001
JS21844,426177001
JS41188,426783006
JS36205,426783006
JS32948,426177001
JS37606,426783006
JS24353,426177001
JS32793,426177001
JS32901,426177001
JS40136,426783006
JS15589,164890007
JS43033,427084000
JS39674,426783006
JS14350,164890007
JS28874,426177001
JS07715,426177001
JS02379,164890007
JS22136,426177001
JS03123,426177001
JS06985,426761007
JS41311,426783006
JS26638,426177001
JS31651,426177001
JS03434,164890007
JS36479,426783006
JS26423,426177001
JS40428,426783006
JS15156,164890007
JS19386,426783006
JS40010,426783006
JS15676,164890007
JS19024,164890007
JS24270,426177001
JS05980,164889003
JS31084,426177001
JS37360,426783006
JS43922,427084000
JS39595,426783006
JS28350,426177001
JS06318,426783006
JS39562,426783006
JS38368,426783006
JS42135,427084000
JS17207,164889003
JS44526,427084000
JS08000,426177001
JS34257,426177001
JS06847,427084000
JS03906,426783006
JS00762,427084000
JS28283,426177001
JS01106,426177001
JS11462,427084000
JS18627,164890007
JS18265,164890007
JS27783,426177001
JS30741,426177001
JS22193,426783006
JS39188,426783006
JS10070,426761007
JS40374,426783006
JS22278,426177001
JS32519,426177001
JS37331,426783006
JS06109,427084000
JS04613,426783006
JS01622,164890007
JS40967,426783006
JS19701,164890007
JS27323,426177001
JS10339,164890007
JS25349,426177001
JS29773,426177001
JS22073,427084000
JS20409,426177001
JS42766,427084000
JS22594,426177001
JS06160,164889003
JS38372,426783006
JS44766,427084000
JS16307,164890007
JS05586,427084000
JS36345,426783006
JS14367,164890007
JS39277,426783006
JS13785,164890007
JS14344,164890007
JS00305,427084000
JS01017,426783006
JS22915,427084000
JS05226,164890007
JS15105,164890007
JS27690,426177001
JS21911,426177001
JS40022,426783006
JS42856,427084000
JS22731,426177001
JS34754,426783006
JS25002,426177001
JS43679,427084000
JS27151,426177001
JS28169,426177001
JS18027,164890007
JS30229,426177001
JS34077,426177001
JS15795,164890007
JS32293,426177001
JS26622,426177001
JS01054,427084000
JS01829,426177001
JS02331,426783006
JS24043,427084000
JS06224,426177001
JS15081,164890007
JS13712,426177001
JS22611,426177001
JS14525,164890007
JS39207,426783006
JS21447,426783006
JS10040,164889003
JS43275,427084000
JS00766,164890007
JS33702,426177001
JS04032,164890007
JS17851,164890007
JS09019,426783006
JS33273,426177001
JS06586,426177001
JS02384,426177001
JS06734,426783006
JS19564,164890007
JS09814,426761007
JS22754,426783006
JS21734,426783006
JS39178,426783006
JS07593,426177001
JS34550,426177001
JS25276,426177001
JS24071,427084000
JS37398,426783006
JS34000,426177001
JS03372,427084000
JS25905,426177001
JS08250,426177001
JS07667,426177001
JS27945,426177001
JS40071,426783006
JS12598,164890007
JS27857,426177001
JS15485,164890007
JS01587,426177001
JS16571,164890007
JS21929,426177001
JS40883,426783006
JS34765,426783006
JS44005,427084000
JS11061,426783006
JS21948,426177001
JS04033,426177001
JS23049,427084000
JS28515,426177001
JS04469,164890007
JS20425,426177001
JS33971,426177001
JS02325,426177001
JS01569,164890007
JS17499,164890007
JS30339,426177001
JS02545,426177001
JS41751,427084000
JS18941,164890007
JS29772,426177001
JS17485,164890007
JS10115,164890007
JS07989,426783006
JS30713,426177001
JS17086,164889003
JS02007,426177001
JS23290,426783006
JS39443,426783006
JS14652,164889003
JS07875,426783006
JS18734,426761007
JS20495,426177001
JS08443,426177001
JS27086,426177001
JS19128,164890007
JS07836,164890007
JS27587,426177001
JS05861,164890007
JS14277,164890007
JS21330,427084000
JS37542,426783006
JS11267,427084000
JS17788,164890007
JS12266,426177001
JS33138,426177001
JS38322,426783006
JS27262,426177001
JS08412,426177001
JS38894,426783006
JS31244,426177001
JS07130,426177001
JS17208,164889003
JS07834,164889003
JS28577,426177001
JS02172,426177001
JS42046,427084000
JS23492,426177001
JS14655,164890007
JS08466,164890007
JS12489,426177001
JS04823,164889003
JS39304,426783006
JS30583,426177001
JS02176,427084000
JS16660,164890007
JS44231,427084000
JS05681,426177001
JS29015,426177001
JS28460,426177001
JS40688,426783006
JS27568,426177001
JS01886,426177001
JS09599,426177001
JS07908,426783006
JS13419,164890007
JS40036,426783006
JS38772,426783006
JS44683,427084000
JS31624,426177001
JS10470,164890007
JS44296,427084000
JS14361,164890007
JS38589,426783006
JS41700,427084000
JS37656,426783006
JS13078,164890007
JS37855,426783006
JS44095,427084000
JS21584,426177001
JS31810,426177001
JS31097,426177001
JS29725,426177001
JS36210,426783006
JS29577,426177001
JS22609,426177001
JS00250,164890007
JS15133,426761007
JS21378,427084000
JS45138,427084000
JS34702,426783006
JS43240,427084000
JS36956,426783006
JS31754,426177001
JS37974,426783006
JS28516,426177001
JS32538,426177001
JS10110,164890007
JS42443,427084000
JS13634,164890007
JS08108,426177001
JS14654,164889003
JS11937,426177001
JS17971,164890007
JS40339,426783006
JS25280,426177001
JS30876,426177001
JS01244,427084000
JS43244,427084000
JS03406,427084000
JS17556,164890007
JS25453,426177001
JS27770,426177001
JS36184,426783006
JS05817,426177001
JS32885,426177001
JS01276,426177001
JS31861,426177001
JS14424,164889003
JS06640,426177001
JS33429,426177001
JS44692,427084000
JS31860,426177001
JS43649,427084000
JS41139,426783006
JS36632,426783006
JS32118,426177001
JS02229,426177001
JS37501,426783006
JS28441,426177001
JS34308,426177001
JS38227,426783006
JS11306,427084000
JS09300,426783006
JS26930,426177001
JS41916,427084000
JS07754,426761007
JS43713,427084000
JS32877,426177001
JS08679,426177001
JS09364,426177001
JS05158,426177001
JS04078,427084000
JS16055,164890007
JS22533,426177001
JS03132,426177001
JS26945,426177001
JS03235,426783006
JS14742,164890007
JS00853,426177001
JS33827,426177001
JS17011,164890007
JS13181,164890007
JS33419,426177001
JS38809,426783006
JS07082,426177001
JS05169,426783006
JS17036,164890007
JS14319,164890007
JS12625,164890007
JS05274,426177001
JS10497,426761007
JS10872,426177001
JS18085,164890007
JS25022,426177001
JS05054,426177001
JS32850,426177001
JS39571,426783006
JS30182,426177001
JS04655,426783006
JS13845,164890007
JS07799,426783006
JS34681,426783006
JS03609,164890007
JS04004,426177001
JS33803,426177001
JS42760,427084000
JS02535,426177001
JS43593,427084000
JS11331,427084000
JS11247,427084000
JS31434,426177001
JS33520,426177001
JS37613,426783006
JS22495,426177001
JS03468,427084000
JS23469,426177001
JS29020,426177001
JS01671,164890007
JS13099,164889003
JS02940,426177001
JS45027,427084000
JS08123,426177001
JS05195,164890007
JS36202,426783006
JS41554,427084000
JS25917,426177001
JS05268,426783006
JS29873,426177001
JS26173,426177001
JS28225,426177001
JS27312,426177001
JS09490,426177001
JS42120,427084000
JS10625,426761007
JS09506,427084000
JS16566,164890007
JS39804,426783006
JS22639,426177001
JS24417,426177001
JS40820,426783006
JS30489,426177001
JS25836,426177001
JS04976,426177001
JS31913,426177001
JS26199,426177001
JS43938,427084000
JS39873,426783006
JS41798,427084000
JS29469,426177001
JS05152,426177001
JS43768,427084000
JS25924,426177001
JS39275,426783006
JS09656,164890007
JS36469,426783006
JS21210,164889003
JS15011,164890007
JS01705,164889003
JS25111,426177001
JS09452,426177001
JS21144,426761007
JS45188,427084000
JS09725,426177001
JS29006,426177001
JS39720,426783006
JS05856,427084000
JS41133,426783006
JS10136,164890007
JS40699,426783006
JS38553,426783006
JS08944,426177001
JS13495,164890007
JS21769,427084000
JS30628,426177001
JS10715,164890007
JS33075,426177001
JS13936,164890007
JS16790,164890007
JS12992,164890007
JS37380,426783006
JS24658,426177001
JS04689,426783006
JS15971,164890007
JS00396,426783006
JS12764,164890007
JS33503,426177001
JS11287,427084000
JS41125,426783006
JS13156,427084000
JS11653,426783006
JS15924,164890007
JS38141,426783006
JS14984,164889003
JS41854,427084000
JS04559,427084000
JS24701,426177001
JS37472,426783006
JS04571,426783006
JS38386,426783006
JS22359,426177001
JS29615,426177001
JS11464,427084000
JS19621,164890007
JS17152,164890007
JS15727,164890007
JS30186,426177001
JS29485,426177001
JS24540,426177001
JS40500,426783006
JS40436,426783006
JS31852,426177001
JS28408,426177001
JS15476,164889003
JS15246,164890007
JS02710,426177001
JS17145,164890007
JS31572,426177001
JS43588,427084000
JS33883,426177001
JS05442,426783006
JS34739,426783006
JS25320,426177001
JS30480,426177001
JS27337,426177001
JS21305,426177001
JS02571,426783006
JS07487,426177001
JS24867,426177001
JS37517,426177001
JS24061,427084000
JS44864,427084000
JS32296,426177001
JS15854,164890007
JS42512,427084000
JS12502,164890007
JS31147,426177001
JS40958,426783006
JS17197,164890007
JS00175,426177001
JS45177,427084000
JS24574,426177001
JS10616,164890007
JS10569,426761007
JS27439,426177001
JS33176,426177001
JS33881,426177001
JS21616,426177001
JS00499,426177001
JS38058,426783006
JS40058,426783006
JS00601,426177001
JS44962,427084000
JS38509,426783006
JS15558,164890007
JS42751,427084000
JS11065,427084000
JS21891,426177001
JS26110,426177001
JS18996,164890007
JS33539,426177001
JS41990,427084000
JS27592,426177001
JS01201,426177001
JS07765,426177001
JS05317,426177001
JS25160,426177001
JS32868,426177001
JS36165,426783006
JS38411,426783006
JS25762,426177001
JS24056,427084000
JS24671,426177001
JS18021,164890007
JS05637,426177001
JS31016,426177001
JS39351,426783006
JS32540,426177001
JS18886,164890007
JS15631,164890007
JS33809,426177001
JS44136,427084000
JS14001,164890007
JS19980,426177001
JS37099,426783006
JS43647,427084000
JS38504,426783006
JS16987,164890007
JS18733,164890007
JS08880,426177001
JS40270,426783006
JS15720,164890007
JS22526,426177001
JS13109,164890007
JS31123,426177001
JS39438,426783006
JS27330,426177001
JS13214,164890007
JS43408,427084000
JS15033,164889003
JS17265,164890007
JS08041,164890007
JS32354,426177001
JS28673,426177001
JS19437,164890007
JS27974,426177001
JS11229,427084000
JS28677,426177001
JS32995,426177001
JS43430,427084000
JS44450,427084000
JS41902,427084000
JS26813,426177001
JS33046,426177001
JS29216,426177001
JS31115,426177001
JS36841,426783006
JS36545,426783006
JS05170,426177001
JS26682,426177001
JS16914,164890007
JS27486,426177001
JS28457,426177001
JS14100,164890007
JS34774,426783006
JS21587,426177001
JS10589,427084000
JS09706,426177001
JS24962,426177001
JS13393,164889003
JS11579,426177001
JS36746,426783006
JS09041,426783006
JS09798,426177001
JS16275,164890007
JS39235,426783006
JS08189,426783006
JS31490,426177001
JS41824,426783006
JS31627,426177001
JS11793,164890007
JS34779,426783006
JS31305,426177001
JS31468,426177001
JS36586,426783006
JS33263,426177001
JS24509,426177001
JS20806,427084000
JS21379,164890007
JS22140,427084000
JS22047,426783006
JS28958,426177001
JS31291,426177001
JS14080,164890007
JS27801,426177001
JS15833,164890007
JS42143,427084000
JS09683,427084000
JS29642,426177001
JS08018,164890007
JS14892,164890007
JS40532,426783006
JS27357,426177001
JS38985,426783006
JS00717,426177001
JS18679,164890007
JS01377,427084000
JS43254,427084000
JS27570,426177001
JS25675,426177001
JS18041,164890007
JS45129,427084000
JS26118,426177001
JS40968,426783006
JS33609,426177001
JS05492,426177001
JS44008,427084000
JS37412,426783006
JS17476,164890007
JS18442,164890007
JS36650,426783006
JS34082,426177001
JS40034,426783006
JS27711,426177001
JS40651,426783006
JS26596,426177001
JS02092,426177001
JS39805,426783006
JS39153,426783006
JS01832,426177001
JS42243,427084000
JS42942,427084000
JS36579,427084000
JS25344,426177001
JS05143,164890007
JS10035,426761007
JS38388,426783006
JS06138,426177001
JS00229,426177001
JS19652,426761007
JS02679,426783006
JS23044,426783006
JS34232,426177001
JS02683,164889003
JS41933,427084000
JS25234,426177001
JS37975,426783006
JS44201,427084000
JS32537,426177001
JS36167,426783006
JS15044,164889003
JS41432,426783006
JS03798,164890007
JS36118,426783006
JS11620,427084000
JS08896,426783006
JS12981,164890007
JS17137,164890007
JS27286,426177001
JS22164,426177001
JS08301,426177001
JS10457,426761007
JS38057,426783006
JS13204,164890007
JS28242,426177001
JS04663,426177001
JS18577,427084000
JS40652,426783006
JS01602,164890007
JS37396,426783006
JS02729,164890007
JS36574,426783006
JS25434,426177001
JS16366,164890007
JS21492,426177001
JS20061,164890007
JS22890,427084000
JS27934,426177001
JS21663,426783006
JS28092,426177001
JS43949,427084000
JS32776,426177001
JS01585,426177001
JS16766,164890007
JS43596,427084000
JS31673,426177001
JS17361,164890007
JS07091,426177001
JS17699,164890007
JS02472,426783006
JS34692,426783006
JS36423,426783006
JS08349,426177001
JS12106,426177001
JS14697,164890007
JS04497,426177001
JS24678,426177001
JS39727,426783006
JS43452,427084000
JS04096,426761007
JS42850,427084000
JS25681,426177001
JS37187,426783006
JS12480,164890007
JS23683,427084000
JS17605,164890007
JS31728,426177001
JS41214,426783006
JS16187,164890007
JS21534,426177001
JS44413,427084000
JS27554,426177001
JS24815,426177001
JS30781,426177001
JS06500,427084000
JS11167,427084000
JS19565,164890007
JS39381,426783006
JS27331,426177001
JS01096,426761007
JS00736,426177001
JS04097,426783006
JS23915,426177001
JS02957,426177001
JS40824,426783006
JS44861,427084000
JS00549,426177001
JS18245,164890007
JS42954,427084000
JS06258,164890007
JS38023,426783006
JS33554,426177001
JS32708,426177001
JS08514,426177001
JS06158,426177001
JS01512,426177001
JS44033,427084000
JS36256,426783006
JS40162,426783006
JS07925,426783006
JS10469,426761007
JS10912,426177001
JS11532,426177001
JS13805,164890007
JS09813,164890007
JS13965,164890007
JS06227,164890007
JS24661,426177001
JS09342,164890007
JS39142,427084000
JS26869,426177001
JS12118,426177001
JS30537,426177001
JS19841,164890007
JS10696,164890007
JS06528,164890007
JS24500,426177001
JS19702,164890007
JS14902,164890007
JS02256,427084000
JS01290,426177001
JS22684,426177001
JS10191,426761007
JS05662,164890007
JS17715,426783006
JS31222,426177001
JS29267,426177001
JS11045,426783006
JS10353,164890007
JS08146,427084000
JS42348,427084000
JS40853,426783006
JS27065,426177001
JS21748,427084000
JS23295,427084000
JS39274,426177001
JS38241,426783006
JS38624,426783006
JS07770,164890007
JS13232,164890007
JS03653,426177001
JS14687,164890007
JS09309,427084000
JS00570,426177001
JS18310,164890007
JS03208,164890007
JS08319,164889003
JS34492,426177001
JS22357,426177001
JS22593,426177001
JS43460,427084000
JS12957,164890007
JS22922,426783006
JS38162,426783006
JS23514,426177001
JS07263,426177001
JS10896,426177001
JS29604,426177001
JS43612,427084000
JS18319,164890007
JS43028,427084000
JS31095,426177001
JS10629,427084000
JS09015,426177001
JS38308,426783006
JS17838,164890007
JS18156,164890007
JS30675,426177001
JS21469,426783006
JS14136,164890007
JS34195,426177001
JS14759,164890007
JS33404,426177001
JS03599,427084000
JS12248,426177001
JS39478,426783006
JS45228,427084000
JS44429,427084000
JS15347,164890007
JS16353,164890007
JS07118,426177001
JS08947,164890007
JS09367,426177001
JS45154,427084000
JS14870,164890007
JS28101,426177001
JS20866,427084000
JS11503,427084000
JS27449,426177001
JS09755,426177001
JS29724,426177001
JS33469,426177001
JS41951,427084000
JS07145,426177001
JS20365,426177001
JS08256,164890007
JS00818,426783006
JS27889,426177001
JS34087,426177001
JS12035,426177001
JS07945,426177001
JS25963,426177001
JS39263,426783006
JS13308,164890007
JS22864,427084000
JS25241,426177001
JS00475,426177001
JS39484,426783006
JS39699,426783006
JS31883,426177001
JS24809,426177001
JS03645,426783006
JS32010,426177001
JS04786,426783006
JS00161,426177001
JS41666,427084000
JS17955,164890007
JS40414,426783006
JS39635,426783006
JS10792,164889003
JS09856,164890007
JS45293,427084000
JS36787,426783006
JS06625,426783006
JS10438,427084000
JS20760,427084000
JS15027,164889003
JS28683,426177001
JS34748,426783006
JS19942,164890007
JS00550,426177001
JS30834,426177001
JS10342,427084000
JS07625,164890007
JS07355,426783006
JS07072,426177001
JS42420,427084000
JS02400,426177001
JS33266,426177001
JS28240,426177001
JS21601,426177001
JS07070,164890007
JS04518,426177001
JS22700,426177001
JS07219,426177001
JS00024,427084000
JS45342,427084000
JS07971,426177001
JS15194,164890007
JS08489,426177001
JS03952,426177001
JS12670,164890007
JS23725,427084000
JS18472,164890007
JS08248,426783006
JS37166,426783006
JS03974,426177001
JS33158,426177001
JS23972,427084000
JS30817,426177001
JS24705,426177001
JS14966,164890007
JS13283,164890007
JS21749,427084000
JS16523,164890007
JS42933,427084000
JS30525,426177001
JS24109,427084000
JS41359,426783006
JS29076,426177001
JS13251,164890007
JS22917,427084000
JS02727,426783006
JS31426,426177001
JS12451,164890007
JS26615,426177001
JS12766,164890007
JS19274,426761007
JS33071,426177001
JS43897,427084000
JS37646,426783006
JS01507,426177001
JS14197,164890007
JS15017,164890007
JS09548,427084000
JS02928,427084000
JS43624,427084000
JS27062,426177001
JS20385,426177001
JS29014,426177001
JS25918,426177001
JS44455,427084000
JS22718,426177001
JS06936,164890007
JS30621,426177001
JS26290,426177001
JS28528,426177001
JS41844,427084000
JS41143,426783006
JS07507,426177001
JS30997,426177001
JS27009,426177001
JS04233,427084000
JS16641,164890007
JS24911,426177001
JS14335,426177001
JS32230,426177001
JS21875,426177001
JS32647,426177001
JS17201,427084000
JS30230,426177001
JS09256,426783006
JS01970,164890007
JS41479,426783006
JS15314,164889003
JS26783,426177001
JS30199,426177001
JS37989,426783006
JS30218,426177001
JS05259,426177001
JS25424,426177001
JS43085,427084000
JS36560,426783006
JS14808,164890007
JS16481,164890007
JS26129,426177001
JS26580,426177001
JS27416,426177001
JS39895,426783006
JS41357,426783006
JS14422,164890007
JS05731,164890007
JS36748,426783006
JS18631,426761007
JS08770,426177001
JS24873,426177001
JS03841,427084000
JS36367,426783006
JS17587,164890007
JS12776,164890007
JS04535,426783006
JS42959,427084000
JS20745,164889003
JS09371,426177001
JS37512,426783006
JS42391,427084000
JS20577,426177001
JS21180,164890007
JS12272,426177001
JS32969,426177001
JS40556,426783006
JS02349,164890007
JS31847,426177001
JS32572,426177001
JS30064,426177001
JS45098,427084000
JS37269,426783006
JS24823,426177001
JS20272,426783006
JS31689,426177001
JS21251,426783006
JS02003,426177001
JS12298,426783006
JS33077,426177001
JS06952,426177001
JS06208,426177001
JS11283,427084000
JS25494,426177001
JS39070,426783006
JS16309,164890007
JS11772,426177001
JS34382,426177001
JS18913,164890007
JS03403,426177001
JS06250,164890007
JS01186,427084000
JS08926,426177001
JS02099,426783006
JS24955,426177001
JS29470,426177001
JS14544,164890007
JS36684,426783006
JS03072,427084000
JS19824,164889003
JS28663,426177001
JS01265,164890007
JS13700,164890007
JS18409,164889003
JS42577,427084000
JS13298,164890007
JS15887,164890007
JS16582,164890007
JS33198,426177001
JS14798,164890007
JS07268,164890007
JS39262,426783006
JS44681,427084000
JS19817,164890007
JS12528,164890007
JS12069,426177001
JS17603,164890007
JS32269,426177001
JS13464,164890007
JS38311,426783006
JS14278,164890007
JS23819,426177001
JS03460,164890007
JS32474,426177001
JS08722,426177001
JS43210,427084000
JS02112,427084000
JS29587,426177001
JS10150,426761007
JS20242,426177001
JS33585,426177001
JS09406,164889003
JS23569,426177001
JS19726,164890007
JS45049,427084000
JS10670,426783006
JS17354,164890007
JS07916,426177001
JS12276,427084000
JS32333,426177001
JS32218,426177001
JS06287,164890007
JS38231,426783006
JS14145,164890007
JS39397,426783006
JS18924,164890007
JS18713,164890007
JS39612,426783006
JS20670,426783006
JS07433,426177001
JS33488,426177001
JS01874,426177001
JS07319,426177001
JS26956,426177001
JS31879,426177001
JS14526,164890007
JS18917,427084000
JS06078,164890007
JS28529,426177001
JS25948,426177001
JS21625,426177001
JS01346,164890007
JS15905,164890007
JS41928,427084000
JS01345,426177001
JS02757,426177001
JS31457,426177001
JS25458,426177001
JS41604,427084000
JS25690,426177001
JS41202,426783006
JS44018,427084000
JS26794,426177001
JS14414,164890007
JS13603,713422000
JS03325,164890007
JS04441,164890007
JS11957,426177001
JS26559,426177001
JS08480,164890007
JS34083,426177001
JS43682,427084000
JS00436,426177001
JS42884,427084000
JS18958,164890007
JS24896,426177001
JS04026,426177001
JS22082,427084000
JS06830,164890007
JS27019,426177001
JS42739,427084000
JS38551,426783006
JS33689,426177001
JS29553,426177001
JS17314,426177001
JS32004,426177001
JS06600,426783006
JS01395,426177001
JS24070,427084000
JS03590,426177001
JS01406,426177001
JS11747,426177001
JS25724,426177001
JS19111,164890007
JS32796,426177001
JS30938,426177001
JS22199,427084000
JS12923,164890007
JS11563,164890007
JS06679,426177001
JS44075,427084000
JS37986,426783006
JS30950,426177001
JS13755,164890007
JS18127,164889003
JS05629,427084000
JS20879,427084000
JS42086,427084000
JS39517,426783006
JS00788,164890007
JS06729,426783006
JS15947,426177001
JS44976,427084000
JS37739,426783006
JS10395,426761007
JS09931,426761007
JS28888,426177001
JS29365,426177001
JS42453,164890007
JS03720,427084000
JS07984,426177001
JS45198,427084000
JS40074,426783006
JS21877,426177001
JS27678,426177001
JS41861,427084000
JS20171,427084000
JS08781,427084000
JS18601,164890007
JS30515,426177001
JS23640,426783006
JS09669,426177001
JS19575,426761007
JS43801,427084000
JS18389,164890007
JS06105,426761007
JS07340,427084000
JS14812,164890007
JS06330,426177001
JS08998,164890007
JS42384,427084000
JS09885,164890007
JS17547,164890007
JS04265,426783006
JS34721,426783006
JS33392,426177001
JS04868,426177001
JS00780,426783006
JS42970,427084000
JS38965,426783006
JS43267,427084000
JS02646,164889003
JS05478,427084000
JS27863,426177001
JS02911,426783006
JS39802,426783006
JS33953,426177001
JS22195,426783006
JS29095,426177001
JS08807,426177001
JS43150,427084000
JS32264,426177001
JS14141,164890007
JS31019,426177001
JS09751,426177001
JS33517,426177001
JS02701,426177001
JS12841,164890007
JS00398,426177001
JS10425,426761007
JS00567,427084000
JS15610,426761007
JS01822,164890007
JS33456,426177001
JS20282,427084000
JS34741,426783006
JS41724,427084000
JS09995,426761007
JS09790,164890007
JS30934,426177001
JS13533,164890007
JS08072,164890007
JS44823,427084000
JS36675,426783006
JS10602,426761007
JS01479,426783006
JS21561,426177001
JS04306,426177001
JS37513,426783006
JS13422,164889003
JS25033,426177001
JS42509,427084000
JS39095,426783006
JS03324,426783006
JS13326,164890007
JS16985,164890007
JS14953,164890007
JS44076,427084000
JS24843,426177001
JS25154,426177001
JS01619,427084000
JS09884,426177001
JS06870,426761007
JS02203,426783006
JS08885,427084000
JS28619,426177001
JS39331,426783006
JS24340,426177001
JS37393,426783006
JS43602,427084000
JS05899,426177001
JS07424,427084000
JS11274,427084000
JS40392,426783006
JS44801,427084000
JS25517,426177001
JS43719,427084000
JS23838,426177001
JS12910,164889003
JS44763,427084000
JS01885,426783006
JS38238,426783006
JS44244,427084000
JS16836,164890007
JS20368,426177001
JS19155,426177001
JS20713,427084000
JS37691,426783006
JS27824,426177001
JS20429,426177001
JS39979,426783006
JS09971,164890007
JS40206,426783006
JS29804,426177001
JS27156,426177001
JS31294,426177001
JS25985,426177001
JS45263,427084000
JS02731,164890007
JS05725,426177001
JS41466,426783006
JS11552,164890007
JS45048,427084000
JS28674,426177001
JS44979,427084000
JS27101,426177001
JS45015,427084000
JS08699,426177001
JS19444,164890007
JS01227,426177001
JS42637,427084000
JS27899,426177001
JS21535,426177001
JS37213,426783006
JS36503,426783006
JS17768,164890007
JS29643,426177001
JS09263,426177001
JS31523,426177001
JS04671,426783006
JS15917,164890007
JS31991,426177001
JS26967,426177001
JS13688,164889003
JS37571,426783006
JS41450,426783006
JS05645,426783006
JS00103,426177001
JS29369,426177001
JS40100,426783006
JS05720,426177001
JS18595,164890007
JS24530,426177001
JS32899,426177001
JS29616,426177001
JS27555,426177001
JS00232,426177001
JS14783,164890007
JS10769,164890007
JS24345,426177001
JS17069,164890007
JS13947,164890007
JS06137,426177001
JS37389,426783006
JS17948,164890007
JS30151,426177001
JS07334,164890007
JS43316,427084000
JS06615,426783006
JS17051,164890007
JS10262,164890007
JS21300,427084000
JS22804,426783006
JS28900,426177001
JS23521,426177001
JS12151,426177001
JS41652,427084000
JS25066,426177001
JS34446,426177001
JS38916,426783006
JS03180,426783006
JS12567,164890007
JS14203,164890007
JS16209,164890007
JS10917,426177001
JS11509,426761007
JS07380,426783006
JS22512,426177001
JS15359,164890007
JS05799,164890007
JS05172,426177001
JS39356,426783006
JS32814,426177001
JS01579,427084000
JS16921,164890007
JS14702,164890007
JS37155,426783006
JS13558,164889003
JS16706,164890007
JS34132,426177001
JS43841,427084000
JS29814,426177001
JS16094,164889003
JS26469,426177001
JS26795,426177001
JS42626,427084000
JS04124,426177001
JS24668,426177001
JS25511,426177001
JS16441,164890007
JS08245,164890007
JS39250,426783006
JS07630,426177001
JS15537,164890007
JS21172,164890007
JS39966,426783006
JS04793,426177001
JS44796,427084000
JS13352,164890007
JS10654,426761007
JS25533,426177001
JS40213,426783006
JS10244,426761007
JS25112,426177001
JS27463,426177001
JS02109,427084000
JS14434,164890007
JS17790,164890007
JS04457,426783006
JS28300,426177001
JS26535,426177001
JS41012,426783006
JS30250,426177001
JS09992,426761007
JS17343,164890007
JS44947,427084000
JS28189,426177001
JS06823,426177001
JS07460,426783006
JS02878,426177001
JS37511,426783006
JS12377,164890007
JS07537,164890007
JS04371,426177001
JS10114,164889003
JS01065,164890007
JS44658,427084000
JS34460,426177001
JS38119,426783006
JS08305,426761007
JS19324,164890007
JS01821,426783006
JS04356,426177001
JS32900,426177001
JS30468,426177001
JS33330,426177001
JS25569,426177001
JS03567,164890007
JS22717,426177001
JS33510,426177001
JS00538,427084000
JS15841,164890007
JS08904,426761007
JS13822,164890007
JS08103,426783006
JS24704,426177001
JS25056,426177001
JS07135,426783006
JS14786,164890007
JS15116,164890007
JS11398,427084000
JS29837,426177001
JS02794,427084000
JS07899,426783006
JS32153,426177001
JS07561,164889003
JS16870,164890007
JS18033,164889003
JS16201,164890007
JS08007,426177001
JS13282,164890007
JS22334,427084000
JS23568,426177001
JS15782,164890007
JS24631,426177001
JS15908,164890007
JS26587,426177001
JS19854,164890007
JS05386,426177001
JS44608,427084000
JS39563,426783006
JS36231,426783006
JS44440,427084000
JS01456,164890007
JS10805,427084000
JS15083,164890007
JS13122,164890007
JS25998,426177001
JS17176,164890007
JS41862,427084000
JS04054,426177001
JS30906,426177001
JS30559,426177001
JS28569,426177001
JS37859,426783006
JS40508,426783006
JS33185,426177001
JS40150,426783006
JS44386,427084000
JS37003,426783006
JS22617,426177001
JS25013,426177001
JS12475,164890007
JS16363,164890007
JS27051,426177001
JS34512,426177001
JS15518,164890007
JS02518,426783006
JS33346,426177001
JS10334,426761007
JS38740,426783006
JS36992,426783006
JS17805,164889003
JS38596,426783006
JS13271,164890007
JS32945,426177001
JS22805,426783006
JS06220,426783006
JS01664,426177001
JS29849,426177001
JS39620,426783006
JS02154,426783006
JS07218,164890007
JS02760,426177001
JS05693,426177001
JS03956,426177001
JS20538,426177001
JS25986,426177001
JS37045,426783006
JS24106,427084000
JS38797,426783006
JS31446,426177001
JS34470,426177001
JS18468,164890007
JS14581,164890007
JS11674,426177001
JS16003,164890007
JS40665,426783006
JS39226,426783006
JS03931,427084000
JS14638,164890007
JS03258,427084000
JS21637,426177001
JS14586,164890007
JS15600,426761007
JS43389,427084000
JS23666,164890007
JS25125,426177001
JS28584,426177001
JS15809,164890007
JS00941,426177001
JS26912,426177001
JS41811,427084000
JS42708,427084000
JS42236,427084000
JS42284,427084000
JS26905,426177001
JS14132,164890007
JS17114,164890007
JS01108,426177001
JS40173,426783006
JS26379,426177001
JS07868,427084000
JS27070,426177001
JS44935,427084000
JS40351,426783006
JS18641,164890007
JS32568,426177001
JS37065,426783006
JS37913,426783006
JS29698,426177001
JS03543,164890007
JS30769,426177001
JS20562,426177001
JS29119,426177001
JS45383,426761007
JS28538,426177001
JS10235,426761007
JS21912,426177001
JS28625,426177001
JS43650,427084000
JS45358,426761007
JS28213,426177001
JS45313,427084000
JS09932,427084000
JS41966,427084000
JS08630,426177001
JS21158,164890007
JS40332,426783006
JS21485,426177001
JS06314,164890007
JS34684,426783006
JS04964,426177001
JS04619,426177001
JS44242,427084000
JS37866,426783006
JS00781,164890007
JS25080,426177001
JS27420,426177001
JS22984,426783006
JS36860,426783006
JS01306,426177001
JS02230,426177001
JS45031,427084000
JS28660,426177001
JS37940,426783006
JS32964,426177001
JS40299,426783006
JS19497,426761007
JS07721,426177001
JS11315,427084000
JS44761,427084000
JS25035,426177001
JS25503,426177001
JS11762,426177001
JS19236,164890007
JS10464,426761007
JS45107,427084000
JS31225,426177001
JS01063,164890007
JS15073,164890007
JS03262,426177001
JS14144,164889003
JS09276,426177001
JS42741,427084000
JS38787,426783006
JS37589,426783006
JS20834,427084000
JS22138,426177001
JS39099,426783006
JS09219,426783006
JS22933,426177001
JS25728,426177001
JS03154,426177001
JS37803,426783006
JS37069,426783006
JS15184,164890007
JS05524,164890007
JS38970,426783006
JS03563,164890007
JS29442,426177001
JS15306,164889003
JS14356,164890007
JS33438,426177001
JS04665,426783006
JS29631,426177001
JS04391,427084000
JS24247,426177001
JS37067,426783006
JS16274,164889003
JS31578,426177001
JS09743,426177001
JS32168,426177001
JS28920,426177001
JS00634,426177001
JS12917,164890007
JS27724,426177001
JS17167,164890007
JS29565,426177001
JS19593,164890007
JS33023,426177001
JS28489,426177001
JS18411,164890007
JS44781,427084000
JS07040,164890007
JS41423,426783006
JS24332,426177001
JS03005,164889003
JS42077,427084000
JS44264,427084000
JS30009,426177001
JS12717,164890007
JS31504,426177001
JS17322,164890007
JS26174,426177001
JS17759,164890007
JS01071,427084000
JS19125,164890007
JS22306,426783006
JS44751,427084000
JS33325,426177001
JS27532,426177001
JS25472,426177001
JS38335,426783006
JS24108,427084000
JS17241,164890007
JS26164,426177001
JS44511,427084000
JS31233,426177001
JS27315,426177001
JS23873,426177001
JS00890,426177001
JS28355,426177001
JS42020,427084000
JS44090,427084000
JS31027,426177001
JS28361,426177001
JS37423,426783006
JS26256,426177001
JS31264,426177001
JS37534,426783006
JS39560,426783006
JS13613,164890007
JS11437,427084000
JS41301,426783006
JS00546,426177001
JS17856,164890007
JS16305,164890007
JS31944,426177001
JS42016,427084000
JS06631,426177001
JS24512,426177001
JS11893,426177001
JS10951,426783006
JS14619,164890007
JS00797,426177001
JS20739,427084000
JS14874,164890007
JS18059,164890007
JS15457,164890007
JS11087,426783006
JS12965,164889003
JS00691,426177001
JS42479,427084000
JS25528,426177001
JS20835,164890007
JS20823,427084000
JS38912,426783006
JS05728,427084000
JS19745,164890007
JS05559,427084000
JS14806,164890007
JS08285,164890007
JS36385,426783006
JS30667,426177001
JS25099,426177001
JS26816,426177001
JS38958,426783006
JS13085,164890007
JS33166,426177001
JS10349,164890007
JS08771,427084000
JS02211,427084000
JS01462,426177001
JS40751,426783006
JS42238,427084000
JS17861,164890007
JS06343,427084000
JS32911,426177001
JS07565,426177001
JS20071,426177001
JS23892,426177001
JS11232,427084000
JS08940,426177001
JS15903,164890007
JS31286,426177001
JS13849,164890007
JS09780,427084000
JS38133,426783006
JS40527,426177001
JS31562,426177001
JS36526,426783006
JS00547,426177001
JS41389,426783006
JS18843,164890007
JS24803,426177001
JS31239,426177001
JS01977,164890007
JS40263,426177001
JS15621,164890007
JS25698,426177001
JS09451,426783006
JS11592,426177001
JS22095,427084000
JS33995,426177001
JS43958,427084000
JS16346,164890007
JS07281,426177001
JS37427,426177001
JS05518,426177001
JS22676,426177001
JS40979,426783006
JS39694,426783006
JS36172,426783006
JS00313,426177001
JS19433,164890007
JS10743,427084000
JS39781,426783006
JS08002,426177001
JS23780,427084000
JS20630,426177001
JS14650,164890007
JS14709,164890007
JS39588,426783006
JS29214,426177001
JS28809,426177001
JS21641,426177001
JS33819,426177001
JS24717,426177001
JS31171,426177001
JS45057,427084000
JS36330,426783006
JS15559,164890007
JS39548,426783006
JS43979,427084000
JS30519,426177001
JS40867,426783006
JS04067,426177001
JS40868,426783006
JS08931,427084000
JS44293,427084000
JS06815,426177001
JS01305,164890007
JS13678,164890007
JS23094,426177001
JS43777,427084000
JS02485,426783006
JS26383,426177001
JS31956,426177001
JS20465,426177001
JS13889,426783006
JS08406,426783006
JS20231,427084000
JS26901,426177001
JS36114,426783006
JS16356,426177001
JS33284,426177001
JS18624,164890007
JS28397,426177001
JS17372,164890007
JS28245,426177001
JS38627,426783006
JS11952,426177001
JS22697,426177001
JS04094,164890007
JS25984,426177001
JS12101,426177001
JS11143,426783006
JS06704,426783006
JS17710,164890007
JS20733,427084000
JS37541,426783006
JS16588,164890007
JS10842,426177001
JS01045,426177001
JS20891,427084000
JS20378,426177001
JS03967,426783006
JS07779,426761007
JS11194,427084000
JS21393,427084000
JS11067,427084000
JS06945,426177001
JS42549,427084000
JS29046,426177001
JS15740,164889003
JS18198,164890007
JS10537,426761007
JS30520,426177001
JS40200,426783006
JS07411,426783006
JS24446,426177001
JS25251,426177001
JS29872,426177001
JS44235,427084000
JS21545,426177001
JS32002,426177001
JS36904,426783006
JS32910,426177001
JS16906,164890007
JS10727,426761007
JS14532,164890007
JS22737,426177001
JS10504,426761007
JS08172,426177001
JS01715,426177001
JS27867,426177001
JS13289,164890007
JS44896,427084000
JS37348,426783006
JS45039,427084000
JS29760,426177001
JS20023,427084000
JS28730,426177001
JS45099,427084000
JS11489,427084000
JS12070,426177001
JS09475,426783006
JS03051,426177001
JS21762,427084000
JS28808,426177001
JS22275,426177001
JS33181,426177001
JS26597,426177001
JS13492,164890007
JS40266,426783006
JS05293,426177001
JS32272,426177001
JS29075,426177001
JS06722,164890007
JS37636,426783006
JS28965,426177001
JS16367,164890007
JS43055,427084000
JS00189,426177001
JS17389,164889003
JS29795,426177001
JS07683,164890007
JS34495,426177001
JS12942,164890007
JS15670,427084000
JS06178,426177001
JS03786,426177001
JS36416,426783006
JS30814,426177001
JS13702,164890007
JS29919,426177001
JS21704,426783006
JS21450,426783006
JS07395,164890007
JS19011,426177001
JS41309,426783006
JS21857,426177001
JS19166,164890007
JS28755,426177001
JS22661,426177001
JS41948,427084000
JS32676,426177001
JS25150,426177001
JS15318,164890007
JS12143,426177001
JS09887,426177001
JS33394,426177001
JS45183,427084000
JS27379,426177001
JS24478,426177001
JS12430,426177001
JS09898,426177001
JS42536,427084000
JS25899,426177001
JS17131,164889003
JS13503,164890007
JS28043,426177001
JS25703,426177001
JS34158,426177001
JS10686,164890007
JS22333,427084000
JS28029,426177001
JS16574,164890007
JS41903,427084000
JS04672,426177001
JS20856,427084000
JS25169,426177001
JS04758,427084000
JS16956,164890007
JS23990,427084000
JS27533,426177001
JS39198,426783006
JS04883,426177001
JS34633,426783006
JS15510,164890007
JS09908,426761007
JS13577,164889003
JS12189,426177001
JS03179,426177001
JS05414,427084000
JS20583,426177001
JS06680,164890007
JS08047,426177001
JS31187,426177001
JS44187,427084000
JS16210,164890007
JS06493,164890007
JS42214,427084000
JS32518,426177001
JS37107,426783006
JS22200,427084000
JS04263,164890007
JS28562,426177001
JS40914,426783006
JS29579,426177001
JS41129,426783006
JS37458,426783006
JS04650,426177001
JS06629,427084000
JS07552,426783006
JS04261,164890007
JS08318,426177001
JS22310,426783006
JS44478,427084000
JS38187,426783006
JS09319,426177001
JS28776,426177001
JS13568,164889003
JS10176,426761007
JS17084,164890007
JS08037,164889003
JS30343,426177001
JS43912,427084000
JS10309,426761007
JS01476,426761007
JS38044,426783006
JS37528,426783006
JS16179,164890007
JS12163,426177001
JS27624,426177001
JS40181,426783006
JS09457,427084000
JS01603,427084000
JS26429,426177001
JS44459,427084000
JS29291,426177001
JS22694,426177001
JS12316,164890007
JS38538,426783006
JS43250,427084000
JS18513,164889003
JS07720,426783006
JS19807,164890007
JS02295,426783006
JS24856,426177001
JS05040,427084000
JS06758,427084000
JS22167,426177001
JS19118,164890007
JS26084,426177001
JS09176,426177001
JS40790,426783006
JS01840,164890007
JS31485,426177001
JS38424,426783006
JS40976,426783006
JS01234,426783006
JS18866,164890007
JS09389,426177001
JS10708,427084000
JS18329,164890007
JS17240,164890007
JS13359,164890007
JS20838,427084000
JS39227,426783006
JS05781,426783006
JS21552,426177001
JS13623,164890007
JS22268,426177001
JS03354,427084000
JS11080,426783006
JS40006,426783006
JS19559,164890007
JS08127,427084000
JS27044,426177001
JS01207,164890007
JS14092,164890007
JS07347,426783006
JS20278,427084000
JS22630,426177001
JS17108,164889003
JS13390,164890007
JS26352,426177001
JS30488,426177001
JS44740,427084000
JS04628,427084000
JS05273,426177001
JS36283,426783006
JS43370,427084000
JS25837,426177001
JS41349,426783006
JS14046,164890007
JS11371,427084000
JS27588,426177001
JS39079,426783006
JS07867,426177001
JS30167,426177001
JS09307,426177001
JS10373,426761007
JS15147,164889003
JS29906,426177001
JS21143,426783006
JS43019,427084000
JS09454,426177001
JS33387,426177001
JS29126,426177001
JS26367,426177001
JS27894,426177001
JS14706,164890007
JS42943,427084000
JS20016,427084000
JS26676,426177001
JS10901,426177001
JS36152,427084000
JS02442,426177001
JS24622,426177001
JS02579,426177001
JS29045,426177001
JS41730,427084000
JS08645,426177001
JS15200,164890007
JS40895,426783006
JS03114,164890007
JS44309,427084000
JS12140,426177001
JS19501,164890007
JS28097,426177001
JS45180,427084000
JS01081,426177001
JS00946,426783006
JS09530,164889003
JS21500,426177001
JS38369,426783006
JS27620,426177001
JS23515,426177001
JS32307,426177001
